{
	"sources" : 
	[
		{
			"file" : "C:/Users/Lenovo/Desktop/weatherForecast/cmake-build-debug/_deps/cpr-subbuild/CMakeFiles/cpr-populate"
		},
		{
			"file" : "C:/Users/Lenovo/Desktop/weatherForecast/cmake-build-debug/_deps/cpr-subbuild/CMakeFiles/cpr-populate.rule"
		},
		{
			"file" : "C:/Users/Lenovo/Desktop/weatherForecast/cmake-build-debug/_deps/cpr-subbuild/CMakeFiles/cpr-populate-complete.rule"
		},
		{
			"file" : "C:/Users/Lenovo/Desktop/weatherForecast/cmake-build-debug/_deps/cpr-subbuild/cpr-populate-prefix/src/cpr-populate-stamp/cpr-populate-build.rule"
		},
		{
			"file" : "C:/Users/Lenovo/Desktop/weatherForecast/cmake-build-debug/_deps/cpr-subbuild/cpr-populate-prefix/src/cpr-populate-stamp/cpr-populate-configure.rule"
		},
		{
			"file" : "C:/Users/Lenovo/Desktop/weatherForecast/cmake-build-debug/_deps/cpr-subbuild/cpr-populate-prefix/src/cpr-populate-stamp/cpr-populate-download.rule"
		},
		{
			"file" : "C:/Users/Lenovo/Desktop/weatherForecast/cmake-build-debug/_deps/cpr-subbuild/cpr-populate-prefix/src/cpr-populate-stamp/cpr-populate-install.rule"
		},
		{
			"file" : "C:/Users/Lenovo/Desktop/weatherForecast/cmake-build-debug/_deps/cpr-subbuild/cpr-populate-prefix/src/cpr-populate-stamp/cpr-populate-mkdir.rule"
		},
		{
			"file" : "C:/Users/Lenovo/Desktop/weatherForecast/cmake-build-debug/_deps/cpr-subbuild/cpr-populate-prefix/src/cpr-populate-stamp/cpr-populate-patch.rule"
		},
		{
			"file" : "C:/Users/Lenovo/Desktop/weatherForecast/cmake-build-debug/_deps/cpr-subbuild/cpr-populate-prefix/src/cpr-populate-stamp/cpr-populate-test.rule"
		},
		{
			"file" : "C:/Users/Lenovo/Desktop/weatherForecast/cmake-build-debug/_deps/cpr-subbuild/cpr-populate-prefix/src/cpr-populate-stamp/cpr-populate-update.rule"
		}
	],
	"target" : 
	{
		"labels" : 
		[
			"cpr-populate"
		],
		"name" : "cpr-populate"
	}
}