{
	"AUTOGEN_COMMAND_LINE_LENGTH_MAX" : 32000,
	"BUILD_DIR" : "C:/Users/Lenovo/Desktop/weatherForecast/cmake-build-debug/_deps/cpr-build/cpr/cpr_autogen",
	"CMAKE_BINARY_DIR" : "C:/Users/Lenovo/Desktop/weatherForecast/cmake-build-debug",
	"CMAKE_CURRENT_BINARY_DIR" : "C:/Users/Lenovo/Desktop/weatherForecast/cmake-build-debug/_deps/cpr-build/cpr",
	"CMAKE_CURRENT_SOURCE_DIR" : "C:/Users/Lenovo/Desktop/weatherForecast/cmake-build-debug/_deps/cpr-src/cpr",
	"CMAKE_EXECUTABLE" : "C:/Program Files/JetBrains/CLion 2025.1.1/bin/cmake/win/x64/bin/cmake.exe",
	"CMAKE_LIST_FILES" : 
	[
		"C:/Users/Lenovo/Desktop/weatherForecast/cmake-build-debug/_deps/cpr-src/cpr/CMakeLists.txt",
		"C:/Program Files/JetBrains/CLion 2025.1.1/bin/cmake/win/x64/share/cmake-3.31/Modules/GNUInstallDirs.cmake"
	],
	"CMAKE_SOURCE_DIR" : "C:/Users/Lenovo/Desktop/weatherForecast",
	"CROSS_CONFIG" : false,
	"DEP_FILE" : "C:/Users/Lenovo/Desktop/weatherForecast/cmake-build-debug/_deps/cpr-build/cpr/cpr_autogen/deps",
	"DEP_FILE_RULE_NAME" : "cpr_autogen/timestamp",
	"HEADERS" : 
	[
		[
			"C:/Users/Lenovo/Desktop/weatherForecast/cmake-build-debug/_deps/cpr-build/cpr_generated_includes/cpr/cprver.h",
			"MU",
			"MW3HFGVYX6/moc_cprver.cpp",
			null
		],
		[
			"C:/Users/Lenovo/Desktop/weatherForecast/cmake-build-debug/_deps/cpr-src/include/cpr/accept_encoding.h",
			"MU",
			"DQTLBMVSAV/moc_accept_encoding.cpp",
			null
		],
		[
			"C:/Users/Lenovo/Desktop/weatherForecast/cmake-build-debug/_deps/cpr-src/include/cpr/api.h",
			"MU",
			"DQTLBMVSAV/moc_api.cpp",
			null
		],
		[
			"C:/Users/Lenovo/Desktop/weatherForecast/cmake-build-debug/_deps/cpr-src/include/cpr/async.h",
			"MU",
			"DQTLBMVSAV/moc_async.cpp",
			null
		],
		[
			"C:/Users/Lenovo/Desktop/weatherForecast/cmake-build-debug/_deps/cpr-src/include/cpr/async_wrapper.h",
			"MU",
			"DQTLBMVSAV/moc_async_wrapper.cpp",
			null
		],
		[
			"C:/Users/Lenovo/Desktop/weatherForecast/cmake-build-debug/_deps/cpr-src/include/cpr/auth.h",
			"MU",
			"DQTLBMVSAV/moc_auth.cpp",
			null
		],
		[
			"C:/Users/Lenovo/Desktop/weatherForecast/cmake-build-debug/_deps/cpr-src/include/cpr/bearer.h",
			"MU",
			"DQTLBMVSAV/moc_bearer.cpp",
			null
		],
		[
			"C:/Users/Lenovo/Desktop/weatherForecast/cmake-build-debug/_deps/cpr-src/include/cpr/body.h",
			"MU",
			"DQTLBMVSAV/moc_body.cpp",
			null
		],
		[
			"C:/Users/Lenovo/Desktop/weatherForecast/cmake-build-debug/_deps/cpr-src/include/cpr/buffer.h",
			"MU",
			"DQTLBMVSAV/moc_buffer.cpp",
			null
		],
		[
			"C:/Users/Lenovo/Desktop/weatherForecast/cmake-build-debug/_deps/cpr-src/include/cpr/cert_info.h",
			"MU",
			"DQTLBMVSAV/moc_cert_info.cpp",
			null
		],
		[
			"C:/Users/Lenovo/Desktop/weatherForecast/cmake-build-debug/_deps/cpr-src/include/cpr/cookies.h",
			"MU",
			"DQTLBMVSAV/moc_cookies.cpp",
			null
		],
		[
			"C:/Users/Lenovo/Desktop/weatherForecast/cmake-build-debug/_deps/cpr-src/include/cpr/cpr.h",
			"MU",
			"DQTLBMVSAV/moc_cpr.cpp",
			null
		],
		[
			"C:/Users/Lenovo/Desktop/weatherForecast/cmake-build-debug/_deps/cpr-src/include/cpr/cprtypes.h",
			"MU",
			"DQTLBMVSAV/moc_cprtypes.cpp",
			null
		],
		[
			"C:/Users/Lenovo/Desktop/weatherForecast/cmake-build-debug/_deps/cpr-src/include/cpr/curlholder.h",
			"MU",
			"DQTLBMVSAV/moc_curlholder.cpp",
			null
		],
		[
			"C:/Users/Lenovo/Desktop/weatherForecast/cmake-build-debug/_deps/cpr-src/include/cpr/curlmultiholder.h",
			"MU",
			"DQTLBMVSAV/moc_curlmultiholder.cpp",
			null
		],
		[
			"C:/Users/Lenovo/Desktop/weatherForecast/cmake-build-debug/_deps/cpr-src/include/cpr/error.h",
			"MU",
			"DQTLBMVSAV/moc_error.cpp",
			null
		],
		[
			"C:/Users/Lenovo/Desktop/weatherForecast/cmake-build-debug/_deps/cpr-src/include/cpr/file.h",
			"MU",
			"DQTLBMVSAV/moc_file.cpp",
			null
		],
		[
			"C:/Users/Lenovo/Desktop/weatherForecast/cmake-build-debug/_deps/cpr-src/include/cpr/filesystem.h",
			"MU",
			"DQTLBMVSAV/moc_filesystem.cpp",
			null
		],
		[
			"C:/Users/Lenovo/Desktop/weatherForecast/cmake-build-debug/_deps/cpr-src/include/cpr/http_version.h",
			"MU",
			"DQTLBMVSAV/moc_http_version.cpp",
			null
		],
		[
			"C:/Users/Lenovo/Desktop/weatherForecast/cmake-build-debug/_deps/cpr-src/include/cpr/interceptor.h",
			"MU",
			"DQTLBMVSAV/moc_interceptor.cpp",
			null
		],
		[
			"C:/Users/Lenovo/Desktop/weatherForecast/cmake-build-debug/_deps/cpr-src/include/cpr/interface.h",
			"MU",
			"DQTLBMVSAV/moc_interface.cpp",
			null
		],
		[
			"C:/Users/Lenovo/Desktop/weatherForecast/cmake-build-debug/_deps/cpr-src/include/cpr/limit_rate.h",
			"MU",
			"DQTLBMVSAV/moc_limit_rate.cpp",
			null
		],
		[
			"C:/Users/Lenovo/Desktop/weatherForecast/cmake-build-debug/_deps/cpr-src/include/cpr/local_port.h",
			"MU",
			"DQTLBMVSAV/moc_local_port.cpp",
			null
		],
		[
			"C:/Users/Lenovo/Desktop/weatherForecast/cmake-build-debug/_deps/cpr-src/include/cpr/local_port_range.h",
			"MU",
			"DQTLBMVSAV/moc_local_port_range.cpp",
			null
		],
		[
			"C:/Users/Lenovo/Desktop/weatherForecast/cmake-build-debug/_deps/cpr-src/include/cpr/multipart.h",
			"MU",
			"DQTLBMVSAV/moc_multipart.cpp",
			null
		],
		[
			"C:/Users/Lenovo/Desktop/weatherForecast/cmake-build-debug/_deps/cpr-src/include/cpr/multiperform.h",
			"MU",
			"DQTLBMVSAV/moc_multiperform.cpp",
			null
		],
		[
			"C:/Users/Lenovo/Desktop/weatherForecast/cmake-build-debug/_deps/cpr-src/include/cpr/parameters.h",
			"MU",
			"DQTLBMVSAV/moc_parameters.cpp",
			null
		],
		[
			"C:/Users/Lenovo/Desktop/weatherForecast/cmake-build-debug/_deps/cpr-src/include/cpr/payload.h",
			"MU",
			"DQTLBMVSAV/moc_payload.cpp",
			null
		],
		[
			"C:/Users/Lenovo/Desktop/weatherForecast/cmake-build-debug/_deps/cpr-src/include/cpr/proxies.h",
			"MU",
			"DQTLBMVSAV/moc_proxies.cpp",
			null
		],
		[
			"C:/Users/Lenovo/Desktop/weatherForecast/cmake-build-debug/_deps/cpr-src/include/cpr/proxyauth.h",
			"MU",
			"DQTLBMVSAV/moc_proxyauth.cpp",
			null
		],
		[
			"C:/Users/Lenovo/Desktop/weatherForecast/cmake-build-debug/_deps/cpr-src/include/cpr/redirect.h",
			"MU",
			"DQTLBMVSAV/moc_redirect.cpp",
			null
		],
		[
			"C:/Users/Lenovo/Desktop/weatherForecast/cmake-build-debug/_deps/cpr-src/include/cpr/resolve.h",
			"MU",
			"DQTLBMVSAV/moc_resolve.cpp",
			null
		],
		[
			"C:/Users/Lenovo/Desktop/weatherForecast/cmake-build-debug/_deps/cpr-src/include/cpr/response.h",
			"MU",
			"DQTLBMVSAV/moc_response.cpp",
			null
		],
		[
			"C:/Users/Lenovo/Desktop/weatherForecast/cmake-build-debug/_deps/cpr-src/include/cpr/session.h",
			"MU",
			"DQTLBMVSAV/moc_session.cpp",
			null
		],
		[
			"C:/Users/Lenovo/Desktop/weatherForecast/cmake-build-debug/_deps/cpr-src/include/cpr/singleton.h",
			"MU",
			"DQTLBMVSAV/moc_singleton.cpp",
			null
		],
		[
			"C:/Users/Lenovo/Desktop/weatherForecast/cmake-build-debug/_deps/cpr-src/include/cpr/ssl_ctx.h",
			"MU",
			"DQTLBMVSAV/moc_ssl_ctx.cpp",
			null
		],
		[
			"C:/Users/Lenovo/Desktop/weatherForecast/cmake-build-debug/_deps/cpr-src/include/cpr/ssl_options.h",
			"MU",
			"DQTLBMVSAV/moc_ssl_options.cpp",
			null
		],
		[
			"C:/Users/Lenovo/Desktop/weatherForecast/cmake-build-debug/_deps/cpr-src/include/cpr/threadpool.h",
			"MU",
			"DQTLBMVSAV/moc_threadpool.cpp",
			null
		],
		[
			"C:/Users/Lenovo/Desktop/weatherForecast/cmake-build-debug/_deps/cpr-src/include/cpr/timeout.h",
			"MU",
			"DQTLBMVSAV/moc_timeout.cpp",
			null
		],
		[
			"C:/Users/Lenovo/Desktop/weatherForecast/cmake-build-debug/_deps/cpr-src/include/cpr/unix_socket.h",
			"MU",
			"DQTLBMVSAV/moc_unix_socket.cpp",
			null
		],
		[
			"C:/Users/Lenovo/Desktop/weatherForecast/cmake-build-debug/_deps/cpr-src/include/cpr/util.h",
			"MU",
			"DQTLBMVSAV/moc_util.cpp",
			null
		],
		[
			"C:/Users/Lenovo/Desktop/weatherForecast/cmake-build-debug/_deps/cpr-src/include/cpr/verbose.h",
			"MU",
			"DQTLBMVSAV/moc_verbose.cpp",
			null
		]
	],
	"HEADER_EXTENSIONS" : [ "h", "hh", "h++", "hm", "hpp", "hxx", "in", "txx" ],
	"INCLUDE_DIR" : "C:/Users/Lenovo/Desktop/weatherForecast/cmake-build-debug/_deps/cpr-build/cpr/cpr_autogen/include",
	"MOC_COMPILATION_FILE" : "C:/Users/Lenovo/Desktop/weatherForecast/cmake-build-debug/_deps/cpr-build/cpr/cpr_autogen/mocs_compilation.cpp",
	"MOC_DEFINITIONS" : [ "CPR_ENABLE_CURL_HTTP_ONLY", "CPR_ENABLE_SSL", "cpr_EXPORTS" ],
	"MOC_DEPEND_FILTERS" : 
	[
		[
			"Q_PLUGIN_METADATA",
			"[\n][ \t]*Q_PLUGIN_METADATA[ \t]*\\([^\\)]*FILE[ \t]*\"([^\"]+)\""
		]
	],
	"MOC_INCLUDES" : 
	[
		"F:/CPlusDependences/LibCurl/V8/include",
		"C:/Users/Lenovo/Desktop/weatherForecast/weather_core",
		"C:/Users/Lenovo/Desktop/weatherForecast/gui",
		"C:/Users/Lenovo/Desktop/weatherForecast/utils",
		"C:/Users/Lenovo/Desktop/weatherForecast/cli",
		"C:/Users/Lenovo/Desktop/weatherForecast/cli/i18n",
		"C:/Users/Lenovo/Desktop/weatherForecast/cmake-build-debug/_deps/cpr-src/include",
		"C:/Users/Lenovo/Desktop/weatherForecast/cmake-build-debug/_deps/cpr-build/cpr_generated_includes",
		"C:/Users/Lenovo/Desktop/weatherForecast/cmake-build-debug/_deps/curl-src/include",
		"C:/Program Files/JetBrains/CLion 2025.1.1/bin/mingw/lib/gcc/x86_64-w64-mingw32/13.1.0/include/c++",
		"C:/Program Files/JetBrains/CLion 2025.1.1/bin/mingw/lib/gcc/x86_64-w64-mingw32/13.1.0/include/c++/x86_64-w64-mingw32",
		"C:/Program Files/JetBrains/CLion 2025.1.1/bin/mingw/lib/gcc/x86_64-w64-mingw32/13.1.0/include/c++/backward",
		"C:/Program Files/JetBrains/CLion 2025.1.1/bin/mingw/lib/gcc/x86_64-w64-mingw32/13.1.0/include",
		"C:/Program Files/JetBrains/CLion 2025.1.1/bin/mingw/include",
		"C:/Program Files/JetBrains/CLion 2025.1.1/bin/mingw/lib/gcc/x86_64-w64-mingw32/13.1.0/include-fixed",
		"C:/Program Files/JetBrains/CLion 2025.1.1/bin/mingw/x86_64-w64-mingw32/include"
	],
	"MOC_MACRO_NAMES" : 
	[
		"Q_OBJECT",
		"Q_GADGET",
		"Q_NAMESPACE",
		"Q_NAMESPACE_EXPORT",
		"Q_GADGET_EXPORT",
		"Q_ENUM_NS"
	],
	"MOC_OPTIONS" : [],
	"MOC_PATH_PREFIX" : false,
	"MOC_PREDEFS_CMD" : 
	[
		"C:/Program Files/JetBrains/CLion 2025.1.1/bin/mingw/bin/g++.exe",
		"-std=gnu++17",
		"-dM",
		"-E",
		"-c",
		"C:/Program Files/JetBrains/CLion 2025.1.1/bin/cmake/win/x64/share/cmake-3.31/Modules/CMakeCXXCompilerABI.cpp"
	],
	"MOC_PREDEFS_FILE" : "C:/Users/Lenovo/Desktop/weatherForecast/cmake-build-debug/_deps/cpr-build/cpr/cpr_autogen/moc_predefs.h",
	"MOC_RELAXED_MODE" : false,
	"MOC_SKIP" : [],
	"MULTI_CONFIG" : false,
	"PARALLEL" : 20,
	"PARSE_CACHE_FILE" : "C:/Users/Lenovo/Desktop/weatherForecast/cmake-build-debug/_deps/cpr-build/cpr/CMakeFiles/cpr_autogen.dir/ParseCache.txt",
	"QT_MOC_EXECUTABLE" : "E:/qt/6.9.0/mingw_64/bin/moc.exe",
	"QT_UIC_EXECUTABLE" : "E:/qt/6.9.0/mingw_64/bin/uic.exe",
	"QT_VERSION_MAJOR" : 6,
	"QT_VERSION_MINOR" : 9,
	"SETTINGS_FILE" : "C:/Users/Lenovo/Desktop/weatherForecast/cmake-build-debug/_deps/cpr-build/cpr/CMakeFiles/cpr_autogen.dir/AutogenUsed.txt",
	"SOURCES" : 
	[
		[
			"C:/Users/Lenovo/Desktop/weatherForecast/cmake-build-debug/_deps/cpr-src/cpr/accept_encoding.cpp",
			"MU",
			null
		],
		[
			"C:/Users/Lenovo/Desktop/weatherForecast/cmake-build-debug/_deps/cpr-src/cpr/async.cpp",
			"MU",
			null
		],
		[
			"C:/Users/Lenovo/Desktop/weatherForecast/cmake-build-debug/_deps/cpr-src/cpr/auth.cpp",
			"MU",
			null
		],
		[
			"C:/Users/Lenovo/Desktop/weatherForecast/cmake-build-debug/_deps/cpr-src/cpr/bearer.cpp",
			"MU",
			null
		],
		[
			"C:/Users/Lenovo/Desktop/weatherForecast/cmake-build-debug/_deps/cpr-src/cpr/callback.cpp",
			"MU",
			null
		],
		[
			"C:/Users/Lenovo/Desktop/weatherForecast/cmake-build-debug/_deps/cpr-src/cpr/cert_info.cpp",
			"MU",
			null
		],
		[
			"C:/Users/Lenovo/Desktop/weatherForecast/cmake-build-debug/_deps/cpr-src/cpr/cookies.cpp",
			"MU",
			null
		],
		[
			"C:/Users/Lenovo/Desktop/weatherForecast/cmake-build-debug/_deps/cpr-src/cpr/cprtypes.cpp",
			"MU",
			null
		],
		[
			"C:/Users/Lenovo/Desktop/weatherForecast/cmake-build-debug/_deps/cpr-src/cpr/curl_container.cpp",
			"MU",
			null
		],
		[
			"C:/Users/Lenovo/Desktop/weatherForecast/cmake-build-debug/_deps/cpr-src/cpr/curlholder.cpp",
			"MU",
			null
		],
		[
			"C:/Users/Lenovo/Desktop/weatherForecast/cmake-build-debug/_deps/cpr-src/cpr/curlmultiholder.cpp",
			"MU",
			null
		],
		[
			"C:/Users/Lenovo/Desktop/weatherForecast/cmake-build-debug/_deps/cpr-src/cpr/error.cpp",
			"MU",
			null
		],
		[
			"C:/Users/Lenovo/Desktop/weatherForecast/cmake-build-debug/_deps/cpr-src/cpr/file.cpp",
			"MU",
			null
		],
		[
			"C:/Users/Lenovo/Desktop/weatherForecast/cmake-build-debug/_deps/cpr-src/cpr/interceptor.cpp",
			"MU",
			null
		],
		[
			"C:/Users/Lenovo/Desktop/weatherForecast/cmake-build-debug/_deps/cpr-src/cpr/multipart.cpp",
			"MU",
			null
		],
		[
			"C:/Users/Lenovo/Desktop/weatherForecast/cmake-build-debug/_deps/cpr-src/cpr/multiperform.cpp",
			"MU",
			null
		],
		[
			"C:/Users/Lenovo/Desktop/weatherForecast/cmake-build-debug/_deps/cpr-src/cpr/parameters.cpp",
			"MU",
			null
		],
		[
			"C:/Users/Lenovo/Desktop/weatherForecast/cmake-build-debug/_deps/cpr-src/cpr/payload.cpp",
			"MU",
			null
		],
		[
			"C:/Users/Lenovo/Desktop/weatherForecast/cmake-build-debug/_deps/cpr-src/cpr/proxies.cpp",
			"MU",
			null
		],
		[
			"C:/Users/Lenovo/Desktop/weatherForecast/cmake-build-debug/_deps/cpr-src/cpr/proxyauth.cpp",
			"MU",
			null
		],
		[
			"C:/Users/Lenovo/Desktop/weatherForecast/cmake-build-debug/_deps/cpr-src/cpr/redirect.cpp",
			"MU",
			null
		],
		[
			"C:/Users/Lenovo/Desktop/weatherForecast/cmake-build-debug/_deps/cpr-src/cpr/response.cpp",
			"MU",
			null
		],
		[
			"C:/Users/Lenovo/Desktop/weatherForecast/cmake-build-debug/_deps/cpr-src/cpr/session.cpp",
			"MU",
			null
		],
		[
			"C:/Users/Lenovo/Desktop/weatherForecast/cmake-build-debug/_deps/cpr-src/cpr/ssl_ctx.cpp",
			"MU",
			null
		],
		[
			"C:/Users/Lenovo/Desktop/weatherForecast/cmake-build-debug/_deps/cpr-src/cpr/threadpool.cpp",
			"MU",
			null
		],
		[
			"C:/Users/Lenovo/Desktop/weatherForecast/cmake-build-debug/_deps/cpr-src/cpr/timeout.cpp",
			"MU",
			null
		],
		[
			"C:/Users/Lenovo/Desktop/weatherForecast/cmake-build-debug/_deps/cpr-src/cpr/unix_socket.cpp",
			"MU",
			null
		],
		[
			"C:/Users/Lenovo/Desktop/weatherForecast/cmake-build-debug/_deps/cpr-src/cpr/util.cpp",
			"MU",
			null
		]
	],
	"UIC_OPTIONS" : [],
	"UIC_SEARCH_PATHS" : [],
	"UIC_SKIP" : [],
	"UIC_UI_FILES" : [],
	"USE_BETTER_GRAPH" : true,
	"VERBOSITY" : 0
}
