{
	"inputs" : 
	[
		{
			"path" : "CMakeLists.txt"
		},
		{
			"isGenerated" : true,
			"path" : "cmake-build-debug/CMakeFiles/3.31.6/CMakeSystem.cmake"
		},
		{
			"isCMake" : true,
			"isExternal" : true,
			"path" : "C:/Program Files/JetBrains/CLion 2025.1.1/bin/cmake/win/x64/share/cmake-3.31/Modules/CMakeSystemSpecificInitialize.cmake"
		},
		{
			"isCMake" : true,
			"isExternal" : true,
			"path" : "C:/Program Files/JetBrains/CLion 2025.1.1/bin/cmake/win/x64/share/cmake-3.31/Modules/Platform/Windows-Initialize.cmake"
		},
		{
			"isGenerated" : true,
			"path" : "cmake-build-debug/CMakeFiles/3.31.6/CMakeCCompiler.cmake"
		},
		{
			"isGenerated" : true,
			"path" : "cmake-build-debug/CMakeFiles/3.31.6/CMakeCXXCompiler.cmake"
		},
		{
			"isCMake" : true,
			"isExternal" : true,
			"path" : "C:/Program Files/JetBrains/CLion 2025.1.1/bin/cmake/win/x64/share/cmake-3.31/Modules/CMakeSystemSpecificInformation.cmake"
		},
		{
			"isCMake" : true,
			"isExternal" : true,
			"path" : "C:/Program Files/JetBrains/CLion 2025.1.1/bin/cmake/win/x64/share/cmake-3.31/Modules/CMakeGenericSystem.cmake"
		},
		{
			"isCMake" : true,
			"isExternal" : true,
			"path" : "C:/Program Files/JetBrains/CLion 2025.1.1/bin/cmake/win/x64/share/cmake-3.31/Modules/CMakeInitializeConfigs.cmake"
		},
		{
			"isCMake" : true,
			"isExternal" : true,
			"path" : "C:/Program Files/JetBrains/CLion 2025.1.1/bin/cmake/win/x64/share/cmake-3.31/Modules/Platform/Windows.cmake"
		},
		{
			"isCMake" : true,
			"isExternal" : true,
			"path" : "C:/Program Files/JetBrains/CLion 2025.1.1/bin/cmake/win/x64/share/cmake-3.31/Modules/Platform/WindowsPaths.cmake"
		},
		{
			"isCMake" : true,
			"isExternal" : true,
			"path" : "C:/Program Files/JetBrains/CLion 2025.1.1/bin/cmake/win/x64/share/cmake-3.31/Modules/CMakeCInformation.cmake"
		},
		{
			"isCMake" : true,
			"isExternal" : true,
			"path" : "C:/Program Files/JetBrains/CLion 2025.1.1/bin/cmake/win/x64/share/cmake-3.31/Modules/CMakeLanguageInformation.cmake"
		},
		{
			"isCMake" : true,
			"isExternal" : true,
			"path" : "C:/Program Files/JetBrains/CLion 2025.1.1/bin/cmake/win/x64/share/cmake-3.31/Modules/Compiler/GNU-C.cmake"
		},
		{
			"isCMake" : true,
			"isExternal" : true,
			"path" : "C:/Program Files/JetBrains/CLion 2025.1.1/bin/cmake/win/x64/share/cmake-3.31/Modules/Compiler/GNU.cmake"
		},
		{
			"isCMake" : true,
			"isExternal" : true,
			"path" : "C:/Program Files/JetBrains/CLion 2025.1.1/bin/cmake/win/x64/share/cmake-3.31/Modules/Compiler/CMakeCommonCompilerMacros.cmake"
		},
		{
			"isCMake" : true,
			"isExternal" : true,
			"path" : "C:/Program Files/JetBrains/CLion 2025.1.1/bin/cmake/win/x64/share/cmake-3.31/Modules/Platform/Windows-GNU-C.cmake"
		},
		{
			"isCMake" : true,
			"isExternal" : true,
			"path" : "C:/Program Files/JetBrains/CLion 2025.1.1/bin/cmake/win/x64/share/cmake-3.31/Modules/Platform/Windows-GNU.cmake"
		},
		{
			"isGenerated" : true,
			"path" : "cmake-build-debug/CMakeFiles/3.31.6/CMakeRCCompiler.cmake"
		},
		{
			"isCMake" : true,
			"isExternal" : true,
			"path" : "C:/Program Files/JetBrains/CLion 2025.1.1/bin/cmake/win/x64/share/cmake-3.31/Modules/CMakeRCInformation.cmake"
		},
		{
			"isCMake" : true,
			"isExternal" : true,
			"path" : "C:/Program Files/JetBrains/CLion 2025.1.1/bin/cmake/win/x64/share/cmake-3.31/Modules/Platform/Windows-windres.cmake"
		},
		{
			"isCMake" : true,
			"isExternal" : true,
			"path" : "C:/Program Files/JetBrains/CLion 2025.1.1/bin/cmake/win/x64/share/cmake-3.31/Modules/Platform/Windows-GNU-C-ABI.cmake"
		},
		{
			"isCMake" : true,
			"isExternal" : true,
			"path" : "C:/Program Files/JetBrains/CLion 2025.1.1/bin/cmake/win/x64/share/cmake-3.31/Modules/CMakeCommonLanguageInclude.cmake"
		},
		{
			"isCMake" : true,
			"isExternal" : true,
			"path" : "C:/Program Files/JetBrains/CLion 2025.1.1/bin/cmake/win/x64/share/cmake-3.31/Modules/Internal/CMakeCLinkerInformation.cmake"
		},
		{
			"isCMake" : true,
			"isExternal" : true,
			"path" : "C:/Program Files/JetBrains/CLion 2025.1.1/bin/cmake/win/x64/share/cmake-3.31/Modules/Internal/CMakeCommonLinkerInformation.cmake"
		},
		{
			"isCMake" : true,
			"isExternal" : true,
			"path" : "C:/Program Files/JetBrains/CLion 2025.1.1/bin/cmake/win/x64/share/cmake-3.31/Modules/Linker/GNU-C.cmake"
		},
		{
			"isCMake" : true,
			"isExternal" : true,
			"path" : "C:/Program Files/JetBrains/CLion 2025.1.1/bin/cmake/win/x64/share/cmake-3.31/Modules/Linker/GNU.cmake"
		},
		{
			"isCMake" : true,
			"isExternal" : true,
			"path" : "C:/Program Files/JetBrains/CLion 2025.1.1/bin/cmake/win/x64/share/cmake-3.31/Modules/Platform/Linker/Windows-GNU-C.cmake"
		},
		{
			"isCMake" : true,
			"isExternal" : true,
			"path" : "C:/Program Files/JetBrains/CLion 2025.1.1/bin/cmake/win/x64/share/cmake-3.31/Modules/Platform/Linker/Windows-GNU.cmake"
		},
		{
			"isCMake" : true,
			"isExternal" : true,
			"path" : "C:/Program Files/JetBrains/CLion 2025.1.1/bin/cmake/win/x64/share/cmake-3.31/Modules/Platform/Linker/GNU.cmake"
		},
		{
			"isCMake" : true,
			"isExternal" : true,
			"path" : "C:/Program Files/JetBrains/CLion 2025.1.1/bin/cmake/win/x64/share/cmake-3.31/Modules/CMakeCXXInformation.cmake"
		},
		{
			"isCMake" : true,
			"isExternal" : true,
			"path" : "C:/Program Files/JetBrains/CLion 2025.1.1/bin/cmake/win/x64/share/cmake-3.31/Modules/CMakeLanguageInformation.cmake"
		},
		{
			"isCMake" : true,
			"isExternal" : true,
			"path" : "C:/Program Files/JetBrains/CLion 2025.1.1/bin/cmake/win/x64/share/cmake-3.31/Modules/Compiler/GNU-CXX.cmake"
		},
		{
			"isCMake" : true,
			"isExternal" : true,
			"path" : "C:/Program Files/JetBrains/CLion 2025.1.1/bin/cmake/win/x64/share/cmake-3.31/Modules/Compiler/GNU.cmake"
		},
		{
			"isCMake" : true,
			"isExternal" : true,
			"path" : "C:/Program Files/JetBrains/CLion 2025.1.1/bin/cmake/win/x64/share/cmake-3.31/Modules/Platform/Windows-GNU-CXX.cmake"
		},
		{
			"isCMake" : true,
			"isExternal" : true,
			"path" : "C:/Program Files/JetBrains/CLion 2025.1.1/bin/cmake/win/x64/share/cmake-3.31/Modules/Platform/Windows-GNU.cmake"
		},
		{
			"isCMake" : true,
			"isExternal" : true,
			"path" : "C:/Program Files/JetBrains/CLion 2025.1.1/bin/cmake/win/x64/share/cmake-3.31/Modules/Platform/Windows-GNU-CXX-ABI.cmake"
		},
		{
			"isCMake" : true,
			"isExternal" : true,
			"path" : "C:/Program Files/JetBrains/CLion 2025.1.1/bin/cmake/win/x64/share/cmake-3.31/Modules/CMakeCommonLanguageInclude.cmake"
		},
		{
			"isCMake" : true,
			"isExternal" : true,
			"path" : "C:/Program Files/JetBrains/CLion 2025.1.1/bin/cmake/win/x64/share/cmake-3.31/Modules/Internal/CMakeCXXLinkerInformation.cmake"
		},
		{
			"isCMake" : true,
			"isExternal" : true,
			"path" : "C:/Program Files/JetBrains/CLion 2025.1.1/bin/cmake/win/x64/share/cmake-3.31/Modules/Internal/CMakeCommonLinkerInformation.cmake"
		},
		{
			"isCMake" : true,
			"isExternal" : true,
			"path" : "C:/Program Files/JetBrains/CLion 2025.1.1/bin/cmake/win/x64/share/cmake-3.31/Modules/Linker/GNU-CXX.cmake"
		},
		{
			"isCMake" : true,
			"isExternal" : true,
			"path" : "C:/Program Files/JetBrains/CLion 2025.1.1/bin/cmake/win/x64/share/cmake-3.31/Modules/Linker/GNU.cmake"
		},
		{
			"isCMake" : true,
			"isExternal" : true,
			"path" : "C:/Program Files/JetBrains/CLion 2025.1.1/bin/cmake/win/x64/share/cmake-3.31/Modules/Platform/Linker/Windows-GNU-CXX.cmake"
		},
		{
			"isCMake" : true,
			"isExternal" : true,
			"path" : "C:/Program Files/JetBrains/CLion 2025.1.1/bin/cmake/win/x64/share/cmake-3.31/Modules/Platform/Linker/Windows-GNU.cmake"
		},
		{
			"isExternal" : true,
			"path" : "E:/qt/6.9.0/mingw_64/lib/cmake/Qt6/Qt6ConfigVersion.cmake"
		},
		{
			"isExternal" : true,
			"path" : "E:/qt/6.9.0/mingw_64/lib/cmake/Qt6/Qt6ConfigVersionImpl.cmake"
		},
		{
			"isExternal" : true,
			"path" : "E:/qt/6.9.0/mingw_64/lib/cmake/Qt6/Qt6Config.cmake"
		},
		{
			"isExternal" : true,
			"path" : "E:/qt/6.9.0/mingw_64/lib/cmake/Qt6/Qt6ConfigExtras.cmake"
		},
		{
			"isExternal" : true,
			"path" : "E:/qt/6.9.0/mingw_64/lib/cmake/Qt6/QtPublicCMakeVersionHelpers.cmake"
		},
		{
			"isExternal" : true,
			"path" : "E:/qt/6.9.0/mingw_64/lib/cmake/Qt6/QtPublicCMakeHelpers.cmake"
		},
		{
			"isExternal" : true,
			"path" : "E:/qt/6.9.0/mingw_64/lib/cmake/Qt6/QtInstallPaths.cmake"
		},
		{
			"isExternal" : true,
			"path" : "E:/qt/6.9.0/mingw_64/lib/cmake/Qt6/Qt6Targets.cmake"
		},
		{
			"isExternal" : true,
			"path" : "E:/qt/6.9.0/mingw_64/lib/cmake/Qt6/Qt6VersionlessAliasTargets.cmake"
		},
		{
			"isExternal" : true,
			"path" : "E:/qt/6.9.0/mingw_64/lib/cmake/Qt6/QtFeature.cmake"
		},
		{
			"isCMake" : true,
			"isExternal" : true,
			"path" : "C:/Program Files/JetBrains/CLion 2025.1.1/bin/cmake/win/x64/share/cmake-3.31/Modules/CheckCXXCompilerFlag.cmake"
		},
		{
			"isCMake" : true,
			"isExternal" : true,
			"path" : "C:/Program Files/JetBrains/CLion 2025.1.1/bin/cmake/win/x64/share/cmake-3.31/Modules/Internal/CheckCompilerFlag.cmake"
		},
		{
			"isCMake" : true,
			"isExternal" : true,
			"path" : "C:/Program Files/JetBrains/CLion 2025.1.1/bin/cmake/win/x64/share/cmake-3.31/Modules/Internal/CheckFlagCommonConfig.cmake"
		},
		{
			"isCMake" : true,
			"isExternal" : true,
			"path" : "C:/Program Files/JetBrains/CLion 2025.1.1/bin/cmake/win/x64/share/cmake-3.31/Modules/Internal/CheckSourceCompiles.cmake"
		},
		{
			"isCMake" : true,
			"isExternal" : true,
			"path" : "C:/Program Files/JetBrains/CLion 2025.1.1/bin/cmake/win/x64/share/cmake-3.31/Modules/CMakeCheckCompilerFlagCommonPatterns.cmake"
		},
		{
			"isCMake" : true,
			"isExternal" : true,
			"path" : "C:/Program Files/JetBrains/CLion 2025.1.1/bin/cmake/win/x64/share/cmake-3.31/Modules/CheckCXXSourceCompiles.cmake"
		},
		{
			"isCMake" : true,
			"isExternal" : true,
			"path" : "C:/Program Files/JetBrains/CLion 2025.1.1/bin/cmake/win/x64/share/cmake-3.31/Modules/Internal/CheckSourceCompiles.cmake"
		},
		{
			"isExternal" : true,
			"path" : "E:/qt/6.9.0/mingw_64/lib/cmake/Qt6/QtFeatureCommon.cmake"
		},
		{
			"isExternal" : true,
			"path" : "E:/qt/6.9.0/mingw_64/lib/cmake/Qt6/QtPublicAndroidHelpers.cmake"
		},
		{
			"isExternal" : true,
			"path" : "E:/qt/6.9.0/mingw_64/lib/cmake/Qt6/QtPublicAppleHelpers.cmake"
		},
		{
			"isExternal" : true,
			"path" : "E:/qt/6.9.0/mingw_64/lib/cmake/Qt6/QtPublicCMakeHelpers.cmake"
		},
		{
			"isExternal" : true,
			"path" : "E:/qt/6.9.0/mingw_64/lib/cmake/Qt6/QtPublicCMakeVersionHelpers.cmake"
		},
		{
			"isExternal" : true,
			"path" : "E:/qt/6.9.0/mingw_64/lib/cmake/Qt6/QtPublicDependencyHelpers.cmake"
		},
		{
			"isExternal" : true,
			"path" : "E:/qt/6.9.0/mingw_64/lib/cmake/Qt6/QtPublicExternalProjectHelpers.cmake"
		},
		{
			"isExternal" : true,
			"path" : "E:/qt/6.9.0/mingw_64/lib/cmake/Qt6/QtPublicFinalizerHelpers.cmake"
		},
		{
			"isExternal" : true,
			"path" : "E:/qt/6.9.0/mingw_64/lib/cmake/Qt6/QtPublicFindPackageHelpers.cmake"
		},
		{
			"isExternal" : true,
			"path" : "E:/qt/6.9.0/mingw_64/lib/cmake/Qt6/QtPublicGitHelpers.cmake"
		},
		{
			"isExternal" : true,
			"path" : "E:/qt/6.9.0/mingw_64/lib/cmake/Qt6/QtPublicPluginHelpers.cmake"
		},
		{
			"isExternal" : true,
			"path" : "E:/qt/6.9.0/mingw_64/lib/cmake/Qt6/QtPublicPluginHelpers_v2.cmake"
		},
		{
			"isExternal" : true,
			"path" : "E:/qt/6.9.0/mingw_64/lib/cmake/Qt6/QtPublicSbomAttributionHelpers.cmake"
		},
		{
			"isExternal" : true,
			"path" : "E:/qt/6.9.0/mingw_64/lib/cmake/Qt6/QtPublicSbomCpeHelpers.cmake"
		},
		{
			"isExternal" : true,
			"path" : "E:/qt/6.9.0/mingw_64/lib/cmake/Qt6/QtPublicSbomDepHelpers.cmake"
		},
		{
			"isExternal" : true,
			"path" : "E:/qt/6.9.0/mingw_64/lib/cmake/Qt6/QtPublicSbomFileHelpers.cmake"
		},
		{
			"isExternal" : true,
			"path" : "E:/qt/6.9.0/mingw_64/lib/cmake/Qt6/QtPublicSbomGenerationHelpers.cmake"
		},
		{
			"isExternal" : true,
			"path" : "E:/qt/6.9.0/mingw_64/lib/cmake/Qt6/QtPublicSbomHelpers.cmake"
		},
		{
			"isExternal" : true,
			"path" : "E:/qt/6.9.0/mingw_64/lib/cmake/Qt6/QtPublicSbomLicenseHelpers.cmake"
		},
		{
			"isExternal" : true,
			"path" : "E:/qt/6.9.0/mingw_64/lib/cmake/Qt6/QtPublicSbomOpsHelpers.cmake"
		},
		{
			"isExternal" : true,
			"path" : "E:/qt/6.9.0/mingw_64/lib/cmake/Qt6/QtPublicSbomPurlHelpers.cmake"
		},
		{
			"isExternal" : true,
			"path" : "E:/qt/6.9.0/mingw_64/lib/cmake/Qt6/QtPublicSbomPythonHelpers.cmake"
		},
		{
			"isExternal" : true,
			"path" : "E:/qt/6.9.0/mingw_64/lib/cmake/Qt6/QtPublicSbomQtEntityHelpers.cmake"
		},
		{
			"isExternal" : true,
			"path" : "E:/qt/6.9.0/mingw_64/lib/cmake/Qt6/QtPublicSbomSystemDepHelpers.cmake"
		},
		{
			"isExternal" : true,
			"path" : "E:/qt/6.9.0/mingw_64/lib/cmake/Qt6/QtPublicTargetHelpers.cmake"
		},
		{
			"isExternal" : true,
			"path" : "E:/qt/6.9.0/mingw_64/lib/cmake/Qt6/QtPublicTestHelpers.cmake"
		},
		{
			"isExternal" : true,
			"path" : "E:/qt/6.9.0/mingw_64/lib/cmake/Qt6/QtPublicToolHelpers.cmake"
		},
		{
			"isExternal" : true,
			"path" : "E:/qt/6.9.0/mingw_64/lib/cmake/Qt6/QtPublicWalkLibsHelpers.cmake"
		},
		{
			"isExternal" : true,
			"path" : "E:/qt/6.9.0/mingw_64/lib/cmake/Qt6/QtPublicWindowsHelpers.cmake"
		},
		{
			"isCMake" : true,
			"isExternal" : true,
			"path" : "C:/Program Files/JetBrains/CLion 2025.1.1/bin/cmake/win/x64/share/cmake-3.31/Modules/CMakeFindDependencyMacro.cmake"
		},
		{
			"isExternal" : true,
			"path" : "E:/qt/6.9.0/mingw_64/lib/cmake/Qt6/Qt6Dependencies.cmake"
		},
		{
			"isCMake" : true,
			"isExternal" : true,
			"path" : "C:/Program Files/JetBrains/CLion 2025.1.1/bin/cmake/win/x64/share/cmake-3.31/Modules/FindThreads.cmake"
		},
		{
			"isCMake" : true,
			"isExternal" : true,
			"path" : "C:/Program Files/JetBrains/CLion 2025.1.1/bin/cmake/win/x64/share/cmake-3.31/Modules/CheckLibraryExists.cmake"
		},
		{
			"isCMake" : true,
			"isExternal" : true,
			"path" : "C:/Program Files/JetBrains/CLion 2025.1.1/bin/cmake/win/x64/share/cmake-3.31/Modules/CheckIncludeFile.cmake"
		},
		{
			"isCMake" : true,
			"isExternal" : true,
			"path" : "C:/Program Files/JetBrains/CLion 2025.1.1/bin/cmake/win/x64/share/cmake-3.31/Modules/CheckCSourceCompiles.cmake"
		},
		{
			"isCMake" : true,
			"isExternal" : true,
			"path" : "C:/Program Files/JetBrains/CLion 2025.1.1/bin/cmake/win/x64/share/cmake-3.31/Modules/Internal/CheckSourceCompiles.cmake"
		},
		{
			"isCMake" : true,
			"isExternal" : true,
			"path" : "C:/Program Files/JetBrains/CLion 2025.1.1/bin/cmake/win/x64/share/cmake-3.31/Modules/FindPackageHandleStandardArgs.cmake"
		},
		{
			"isCMake" : true,
			"isExternal" : true,
			"path" : "C:/Program Files/JetBrains/CLion 2025.1.1/bin/cmake/win/x64/share/cmake-3.31/Modules/FindPackageMessage.cmake"
		},
		{
			"isExternal" : true,
			"path" : "E:/qt/6.9.0/mingw_64/lib/cmake/Qt6Widgets/Qt6WidgetsConfigVersion.cmake"
		},
		{
			"isExternal" : true,
			"path" : "E:/qt/6.9.0/mingw_64/lib/cmake/Qt6Widgets/Qt6WidgetsConfigVersionImpl.cmake"
		},
		{
			"isExternal" : true,
			"path" : "E:/qt/6.9.0/mingw_64/lib/cmake/Qt6Widgets/Qt6WidgetsConfig.cmake"
		},
		{
			"isCMake" : true,
			"isExternal" : true,
			"path" : "C:/Program Files/JetBrains/CLion 2025.1.1/bin/cmake/win/x64/share/cmake-3.31/Modules/CMakeFindDependencyMacro.cmake"
		},
		{
			"isExternal" : true,
			"path" : "E:/qt/6.9.0/mingw_64/lib/cmake/Qt6Widgets/Qt6WidgetsDependencies.cmake"
		},
		{
			"isExternal" : true,
			"path" : "E:/qt/6.9.0/mingw_64/lib/cmake/Qt6WidgetsTools/Qt6WidgetsToolsConfigVersion.cmake"
		},
		{
			"isExternal" : true,
			"path" : "E:/qt/6.9.0/mingw_64/lib/cmake/Qt6WidgetsTools/Qt6WidgetsToolsConfigVersionImpl.cmake"
		},
		{
			"isExternal" : true,
			"path" : "E:/qt/6.9.0/mingw_64/lib/cmake/Qt6WidgetsTools/Qt6WidgetsToolsConfig.cmake"
		},
		{
			"isCMake" : true,
			"isExternal" : true,
			"path" : "C:/Program Files/JetBrains/CLion 2025.1.1/bin/cmake/win/x64/share/cmake-3.31/Modules/CMakeFindDependencyMacro.cmake"
		},
		{
			"isExternal" : true,
			"path" : "E:/qt/6.9.0/mingw_64/lib/cmake/Qt6WidgetsTools/Qt6WidgetsToolsDependencies.cmake"
		},
		{
			"isExternal" : true,
			"path" : "E:/qt/6.9.0/mingw_64/lib/cmake/Qt6CoreTools/Qt6CoreToolsConfigVersion.cmake"
		},
		{
			"isExternal" : true,
			"path" : "E:/qt/6.9.0/mingw_64/lib/cmake/Qt6CoreTools/Qt6CoreToolsConfigVersionImpl.cmake"
		},
		{
			"isExternal" : true,
			"path" : "E:/qt/6.9.0/mingw_64/lib/cmake/Qt6CoreTools/Qt6CoreToolsConfig.cmake"
		},
		{
			"isCMake" : true,
			"isExternal" : true,
			"path" : "C:/Program Files/JetBrains/CLion 2025.1.1/bin/cmake/win/x64/share/cmake-3.31/Modules/CMakeFindDependencyMacro.cmake"
		},
		{
			"isExternal" : true,
			"path" : "E:/qt/6.9.0/mingw_64/lib/cmake/Qt6CoreTools/Qt6CoreToolsDependencies.cmake"
		},
		{
			"isExternal" : true,
			"path" : "E:/qt/6.9.0/mingw_64/lib/cmake/Qt6CoreTools/Qt6CoreToolsTargets.cmake"
		},
		{
			"isExternal" : true,
			"path" : "E:/qt/6.9.0/mingw_64/lib/cmake/Qt6CoreTools/Qt6CoreToolsTargets-relwithdebinfo.cmake"
		},
		{
			"isExternal" : true,
			"path" : "E:/qt/6.9.0/mingw_64/lib/cmake/Qt6CoreTools/Qt6CoreToolsAdditionalTargetInfo.cmake"
		},
		{
			"isExternal" : true,
			"path" : "E:/qt/6.9.0/mingw_64/lib/cmake/Qt6CoreTools/Qt6CoreToolsVersionlessTargets.cmake"
		},
		{
			"isExternal" : true,
			"path" : "E:/qt/6.9.0/mingw_64/lib/cmake/Qt6GuiTools/Qt6GuiToolsConfigVersion.cmake"
		},
		{
			"isExternal" : true,
			"path" : "E:/qt/6.9.0/mingw_64/lib/cmake/Qt6GuiTools/Qt6GuiToolsConfigVersionImpl.cmake"
		},
		{
			"isExternal" : true,
			"path" : "E:/qt/6.9.0/mingw_64/lib/cmake/Qt6GuiTools/Qt6GuiToolsConfig.cmake"
		},
		{
			"isCMake" : true,
			"isExternal" : true,
			"path" : "C:/Program Files/JetBrains/CLion 2025.1.1/bin/cmake/win/x64/share/cmake-3.31/Modules/CMakeFindDependencyMacro.cmake"
		},
		{
			"isExternal" : true,
			"path" : "E:/qt/6.9.0/mingw_64/lib/cmake/Qt6GuiTools/Qt6GuiToolsDependencies.cmake"
		},
		{
			"isExternal" : true,
			"path" : "E:/qt/6.9.0/mingw_64/lib/cmake/Qt6CoreTools/Qt6CoreToolsConfigVersion.cmake"
		},
		{
			"isExternal" : true,
			"path" : "E:/qt/6.9.0/mingw_64/lib/cmake/Qt6CoreTools/Qt6CoreToolsConfigVersionImpl.cmake"
		},
		{
			"isExternal" : true,
			"path" : "E:/qt/6.9.0/mingw_64/lib/cmake/Qt6CoreTools/Qt6CoreToolsConfig.cmake"
		},
		{
			"isCMake" : true,
			"isExternal" : true,
			"path" : "C:/Program Files/JetBrains/CLion 2025.1.1/bin/cmake/win/x64/share/cmake-3.31/Modules/CMakeFindDependencyMacro.cmake"
		},
		{
			"isExternal" : true,
			"path" : "E:/qt/6.9.0/mingw_64/lib/cmake/Qt6CoreTools/Qt6CoreToolsDependencies.cmake"
		},
		{
			"isExternal" : true,
			"path" : "E:/qt/6.9.0/mingw_64/lib/cmake/Qt6CoreTools/Qt6CoreToolsTargets.cmake"
		},
		{
			"isExternal" : true,
			"path" : "E:/qt/6.9.0/mingw_64/lib/cmake/Qt6CoreTools/Qt6CoreToolsAdditionalTargetInfo.cmake"
		},
		{
			"isExternal" : true,
			"path" : "E:/qt/6.9.0/mingw_64/lib/cmake/Qt6CoreTools/Qt6CoreToolsVersionlessTargets.cmake"
		},
		{
			"isExternal" : true,
			"path" : "E:/qt/6.9.0/mingw_64/lib/cmake/Qt6GuiTools/Qt6GuiToolsTargets.cmake"
		},
		{
			"isExternal" : true,
			"path" : "E:/qt/6.9.0/mingw_64/lib/cmake/Qt6GuiTools/Qt6GuiToolsTargets-relwithdebinfo.cmake"
		},
		{
			"isExternal" : true,
			"path" : "E:/qt/6.9.0/mingw_64/lib/cmake/Qt6GuiTools/Qt6GuiToolsAdditionalTargetInfo.cmake"
		},
		{
			"isExternal" : true,
			"path" : "E:/qt/6.9.0/mingw_64/lib/cmake/Qt6GuiTools/Qt6GuiToolsVersionlessTargets.cmake"
		},
		{
			"isExternal" : true,
			"path" : "E:/qt/6.9.0/mingw_64/lib/cmake/Qt6WidgetsTools/Qt6WidgetsToolsTargets.cmake"
		},
		{
			"isExternal" : true,
			"path" : "E:/qt/6.9.0/mingw_64/lib/cmake/Qt6WidgetsTools/Qt6WidgetsToolsTargets-relwithdebinfo.cmake"
		},
		{
			"isExternal" : true,
			"path" : "E:/qt/6.9.0/mingw_64/lib/cmake/Qt6WidgetsTools/Qt6WidgetsToolsAdditionalTargetInfo.cmake"
		},
		{
			"isExternal" : true,
			"path" : "E:/qt/6.9.0/mingw_64/lib/cmake/Qt6WidgetsTools/Qt6WidgetsToolsVersionlessTargets.cmake"
		},
		{
			"isExternal" : true,
			"path" : "E:/qt/6.9.0/mingw_64/lib/cmake/Qt6Core/Qt6CoreConfigVersion.cmake"
		},
		{
			"isExternal" : true,
			"path" : "E:/qt/6.9.0/mingw_64/lib/cmake/Qt6Core/Qt6CoreConfigVersionImpl.cmake"
		},
		{
			"isExternal" : true,
			"path" : "E:/qt/6.9.0/mingw_64/lib/cmake/Qt6Core/Qt6CoreConfig.cmake"
		},
		{
			"isCMake" : true,
			"isExternal" : true,
			"path" : "C:/Program Files/JetBrains/CLion 2025.1.1/bin/cmake/win/x64/share/cmake-3.31/Modules/CMakeFindDependencyMacro.cmake"
		},
		{
			"isExternal" : true,
			"path" : "E:/qt/6.9.0/mingw_64/lib/cmake/Qt6Core/Qt6CoreDependencies.cmake"
		},
		{
			"isExternal" : true,
			"path" : "E:/qt/6.9.0/mingw_64/lib/cmake/Qt6/FindWrapAtomic.cmake"
		},
		{
			"isCMake" : true,
			"isExternal" : true,
			"path" : "C:/Program Files/JetBrains/CLion 2025.1.1/bin/cmake/win/x64/share/cmake-3.31/Modules/CheckCXXSourceCompiles.cmake"
		},
		{
			"isCMake" : true,
			"isExternal" : true,
			"path" : "C:/Program Files/JetBrains/CLion 2025.1.1/bin/cmake/win/x64/share/cmake-3.31/Modules/FindPackageHandleStandardArgs.cmake"
		},
		{
			"isCMake" : true,
			"isExternal" : true,
			"path" : "C:/Program Files/JetBrains/CLion 2025.1.1/bin/cmake/win/x64/share/cmake-3.31/Modules/FindPackageMessage.cmake"
		},
		{
			"isExternal" : true,
			"path" : "E:/qt/6.9.0/mingw_64/lib/cmake/Qt6CoreTools/Qt6CoreToolsConfigVersion.cmake"
		},
		{
			"isExternal" : true,
			"path" : "E:/qt/6.9.0/mingw_64/lib/cmake/Qt6CoreTools/Qt6CoreToolsConfigVersionImpl.cmake"
		},
		{
			"isExternal" : true,
			"path" : "E:/qt/6.9.0/mingw_64/lib/cmake/Qt6CoreTools/Qt6CoreToolsConfig.cmake"
		},
		{
			"isCMake" : true,
			"isExternal" : true,
			"path" : "C:/Program Files/JetBrains/CLion 2025.1.1/bin/cmake/win/x64/share/cmake-3.31/Modules/CMakeFindDependencyMacro.cmake"
		},
		{
			"isExternal" : true,
			"path" : "E:/qt/6.9.0/mingw_64/lib/cmake/Qt6CoreTools/Qt6CoreToolsDependencies.cmake"
		},
		{
			"isExternal" : true,
			"path" : "E:/qt/6.9.0/mingw_64/lib/cmake/Qt6CoreTools/Qt6CoreToolsTargets.cmake"
		},
		{
			"isExternal" : true,
			"path" : "E:/qt/6.9.0/mingw_64/lib/cmake/Qt6CoreTools/Qt6CoreToolsAdditionalTargetInfo.cmake"
		},
		{
			"isExternal" : true,
			"path" : "E:/qt/6.9.0/mingw_64/lib/cmake/Qt6CoreTools/Qt6CoreToolsVersionlessTargets.cmake"
		},
		{
			"isExternal" : true,
			"path" : "E:/qt/6.9.0/mingw_64/lib/cmake/Qt6ZlibPrivate/Qt6ZlibPrivateConfigVersion.cmake"
		},
		{
			"isExternal" : true,
			"path" : "E:/qt/6.9.0/mingw_64/lib/cmake/Qt6ZlibPrivate/Qt6ZlibPrivateConfigVersionImpl.cmake"
		},
		{
			"isExternal" : true,
			"path" : "E:/qt/6.9.0/mingw_64/lib/cmake/Qt6ZlibPrivate/Qt6ZlibPrivateConfig.cmake"
		},
		{
			"isCMake" : true,
			"isExternal" : true,
			"path" : "C:/Program Files/JetBrains/CLion 2025.1.1/bin/cmake/win/x64/share/cmake-3.31/Modules/CMakeFindDependencyMacro.cmake"
		},
		{
			"isExternal" : true,
			"path" : "E:/qt/6.9.0/mingw_64/lib/cmake/Qt6ZlibPrivate/Qt6ZlibPrivateTargets.cmake"
		},
		{
			"isExternal" : true,
			"path" : "E:/qt/6.9.0/mingw_64/lib/cmake/Qt6ZlibPrivate/Qt6ZlibPrivateAdditionalTargetInfo.cmake"
		},
		{
			"isExternal" : true,
			"path" : "E:/qt/6.9.0/mingw_64/lib/cmake/Qt6ZlibPrivate/Qt6ZlibPrivateVersionlessAliasTargets.cmake"
		},
		{
			"isExternal" : true,
			"path" : "E:/qt/6.9.0/mingw_64/lib/cmake/Qt6EntryPointPrivate/Qt6EntryPointPrivateConfigVersion.cmake"
		},
		{
			"isExternal" : true,
			"path" : "E:/qt/6.9.0/mingw_64/lib/cmake/Qt6EntryPointPrivate/Qt6EntryPointPrivateConfigVersionImpl.cmake"
		},
		{
			"isExternal" : true,
			"path" : "E:/qt/6.9.0/mingw_64/lib/cmake/Qt6EntryPointPrivate/Qt6EntryPointPrivateConfig.cmake"
		},
		{
			"isCMake" : true,
			"isExternal" : true,
			"path" : "C:/Program Files/JetBrains/CLion 2025.1.1/bin/cmake/win/x64/share/cmake-3.31/Modules/CMakeFindDependencyMacro.cmake"
		},
		{
			"isExternal" : true,
			"path" : "E:/qt/6.9.0/mingw_64/lib/cmake/Qt6EntryPointPrivate/Qt6EntryPointPrivateTargets.cmake"
		},
		{
			"isExternal" : true,
			"path" : "E:/qt/6.9.0/mingw_64/lib/cmake/Qt6EntryPointPrivate/Qt6EntryPointPrivateTargets-relwithdebinfo.cmake"
		},
		{
			"isExternal" : true,
			"path" : "E:/qt/6.9.0/mingw_64/lib/cmake/Qt6EntryPointPrivate/Qt6EntryPointPrivateAdditionalTargetInfo.cmake"
		},
		{
			"isExternal" : true,
			"path" : "E:/qt/6.9.0/mingw_64/lib/cmake/Qt6EntryPointPrivate/Qt6EntryPointMinGW32Target.cmake"
		},
		{
			"isExternal" : true,
			"path" : "E:/qt/6.9.0/mingw_64/lib/cmake/Qt6EntryPointPrivate/Qt6EntryPointPrivateVersionlessAliasTargets.cmake"
		},
		{
			"isExternal" : true,
			"path" : "E:/qt/6.9.0/mingw_64/lib/cmake/Qt6Core/Qt6CoreTargets.cmake"
		},
		{
			"isExternal" : true,
			"path" : "E:/qt/6.9.0/mingw_64/lib/cmake/Qt6Core/Qt6CoreTargets-relwithdebinfo.cmake"
		},
		{
			"isExternal" : true,
			"path" : "E:/qt/6.9.0/mingw_64/lib/cmake/Qt6Core/Qt6CoreAdditionalTargetInfo.cmake"
		},
		{
			"isExternal" : true,
			"path" : "E:/qt/6.9.0/mingw_64/lib/cmake/Qt6CorePrivate/Qt6CorePrivateConfigVersion.cmake"
		},
		{
			"isExternal" : true,
			"path" : "E:/qt/6.9.0/mingw_64/lib/cmake/Qt6CorePrivate/Qt6CorePrivateConfigVersionImpl.cmake"
		},
		{
			"isExternal" : true,
			"path" : "E:/qt/6.9.0/mingw_64/lib/cmake/Qt6CorePrivate/Qt6CorePrivateConfig.cmake"
		},
		{
			"isCMake" : true,
			"isExternal" : true,
			"path" : "C:/Program Files/JetBrains/CLion 2025.1.1/bin/cmake/win/x64/share/cmake-3.31/Modules/CMakeFindDependencyMacro.cmake"
		},
		{
			"isExternal" : true,
			"path" : "E:/qt/6.9.0/mingw_64/lib/cmake/Qt6CorePrivate/Qt6CorePrivateDependencies.cmake"
		},
		{
			"isExternal" : true,
			"path" : "E:/qt/6.9.0/mingw_64/lib/cmake/Qt6CorePrivate/Qt6CorePrivateTargets.cmake"
		},
		{
			"isExternal" : true,
			"path" : "E:/qt/6.9.0/mingw_64/lib/cmake/Qt6CorePrivate/Qt6CorePrivateAdditionalTargetInfo.cmake"
		},
		{
			"isExternal" : true,
			"path" : "E:/qt/6.9.0/mingw_64/lib/cmake/Qt6CorePrivate/Qt6CorePrivateVersionlessAliasTargets.cmake"
		},
		{
			"isExternal" : true,
			"path" : "E:/qt/6.9.0/mingw_64/lib/cmake/Qt6Core/Qt6CoreMacros.cmake"
		},
		{
			"isExternal" : true,
			"path" : "E:/qt/6.9.0/mingw_64/lib/cmake/Qt6Core/Qt6CoreConfigExtras.cmake"
		},
		{
			"isCMake" : true,
			"isExternal" : true,
			"path" : "C:/Program Files/JetBrains/CLion 2025.1.1/bin/cmake/win/x64/share/cmake-3.31/Modules/GNUInstallDirs.cmake"
		},
		{
			"isExternal" : true,
			"path" : "E:/qt/6.9.0/mingw_64/lib/cmake/Qt6Core/Qt6CoreVersionlessAliasTargets.cmake"
		},
		{
			"isExternal" : true,
			"path" : "E:/qt/6.9.0/mingw_64/lib/cmake/Qt6Gui/Qt6GuiConfigVersion.cmake"
		},
		{
			"isExternal" : true,
			"path" : "E:/qt/6.9.0/mingw_64/lib/cmake/Qt6Gui/Qt6GuiConfigVersionImpl.cmake"
		},
		{
			"isExternal" : true,
			"path" : "E:/qt/6.9.0/mingw_64/lib/cmake/Qt6Gui/Qt6GuiConfig.cmake"
		},
		{
			"isCMake" : true,
			"isExternal" : true,
			"path" : "C:/Program Files/JetBrains/CLion 2025.1.1/bin/cmake/win/x64/share/cmake-3.31/Modules/CMakeFindDependencyMacro.cmake"
		},
		{
			"isExternal" : true,
			"path" : "E:/qt/6.9.0/mingw_64/lib/cmake/Qt6Gui/Qt6GuiDependencies.cmake"
		},
		{
			"isExternal" : true,
			"path" : "E:/qt/6.9.0/mingw_64/lib/cmake/Qt6/FindWrapVulkanHeaders.cmake"
		},
		{
			"isCMake" : true,
			"isExternal" : true,
			"path" : "C:/Program Files/JetBrains/CLion 2025.1.1/bin/cmake/win/x64/share/cmake-3.31/Modules/FindVulkan.cmake"
		},
		{
			"isCMake" : true,
			"isExternal" : true,
			"path" : "C:/Program Files/JetBrains/CLion 2025.1.1/bin/cmake/win/x64/share/cmake-3.31/Modules/FindPackageHandleStandardArgs.cmake"
		},
		{
			"isCMake" : true,
			"isExternal" : true,
			"path" : "C:/Program Files/JetBrains/CLion 2025.1.1/bin/cmake/win/x64/share/cmake-3.31/Modules/FindPackageMessage.cmake"
		},
		{
			"isCMake" : true,
			"isExternal" : true,
			"path" : "C:/Program Files/JetBrains/CLion 2025.1.1/bin/cmake/win/x64/share/cmake-3.31/Modules/FindPackageHandleStandardArgs.cmake"
		},
		{
			"isCMake" : true,
			"isExternal" : true,
			"path" : "C:/Program Files/JetBrains/CLion 2025.1.1/bin/cmake/win/x64/share/cmake-3.31/Modules/FindPackageMessage.cmake"
		},
		{
			"isExternal" : true,
			"path" : "E:/qt/6.9.0/mingw_64/lib/cmake/Qt6GuiTools/Qt6GuiToolsConfigVersion.cmake"
		},
		{
			"isExternal" : true,
			"path" : "E:/qt/6.9.0/mingw_64/lib/cmake/Qt6GuiTools/Qt6GuiToolsConfigVersionImpl.cmake"
		},
		{
			"isExternal" : true,
			"path" : "E:/qt/6.9.0/mingw_64/lib/cmake/Qt6GuiTools/Qt6GuiToolsConfig.cmake"
		},
		{
			"isCMake" : true,
			"isExternal" : true,
			"path" : "C:/Program Files/JetBrains/CLion 2025.1.1/bin/cmake/win/x64/share/cmake-3.31/Modules/CMakeFindDependencyMacro.cmake"
		},
		{
			"isExternal" : true,
			"path" : "E:/qt/6.9.0/mingw_64/lib/cmake/Qt6GuiTools/Qt6GuiToolsDependencies.cmake"
		},
		{
			"isExternal" : true,
			"path" : "E:/qt/6.9.0/mingw_64/lib/cmake/Qt6CoreTools/Qt6CoreToolsConfigVersion.cmake"
		},
		{
			"isExternal" : true,
			"path" : "E:/qt/6.9.0/mingw_64/lib/cmake/Qt6CoreTools/Qt6CoreToolsConfigVersionImpl.cmake"
		},
		{
			"isExternal" : true,
			"path" : "E:/qt/6.9.0/mingw_64/lib/cmake/Qt6CoreTools/Qt6CoreToolsConfig.cmake"
		},
		{
			"isCMake" : true,
			"isExternal" : true,
			"path" : "C:/Program Files/JetBrains/CLion 2025.1.1/bin/cmake/win/x64/share/cmake-3.31/Modules/CMakeFindDependencyMacro.cmake"
		},
		{
			"isExternal" : true,
			"path" : "E:/qt/6.9.0/mingw_64/lib/cmake/Qt6CoreTools/Qt6CoreToolsDependencies.cmake"
		},
		{
			"isExternal" : true,
			"path" : "E:/qt/6.9.0/mingw_64/lib/cmake/Qt6CoreTools/Qt6CoreToolsTargets.cmake"
		},
		{
			"isExternal" : true,
			"path" : "E:/qt/6.9.0/mingw_64/lib/cmake/Qt6CoreTools/Qt6CoreToolsAdditionalTargetInfo.cmake"
		},
		{
			"isExternal" : true,
			"path" : "E:/qt/6.9.0/mingw_64/lib/cmake/Qt6CoreTools/Qt6CoreToolsVersionlessTargets.cmake"
		},
		{
			"isExternal" : true,
			"path" : "E:/qt/6.9.0/mingw_64/lib/cmake/Qt6GuiTools/Qt6GuiToolsTargets.cmake"
		},
		{
			"isExternal" : true,
			"path" : "E:/qt/6.9.0/mingw_64/lib/cmake/Qt6GuiTools/Qt6GuiToolsAdditionalTargetInfo.cmake"
		},
		{
			"isExternal" : true,
			"path" : "E:/qt/6.9.0/mingw_64/lib/cmake/Qt6GuiTools/Qt6GuiToolsVersionlessTargets.cmake"
		},
		{
			"isExternal" : true,
			"path" : "E:/qt/6.9.0/mingw_64/lib/cmake/Qt6Gui/Qt6GuiTargets.cmake"
		},
		{
			"isExternal" : true,
			"path" : "E:/qt/6.9.0/mingw_64/lib/cmake/Qt6Gui/Qt6GuiTargets-relwithdebinfo.cmake"
		},
		{
			"isExternal" : true,
			"path" : "E:/qt/6.9.0/mingw_64/lib/cmake/Qt6Gui/Qt6GuiAdditionalTargetInfo.cmake"
		},
		{
			"isExternal" : true,
			"path" : "E:/qt/6.9.0/mingw_64/lib/cmake/Qt6GuiPrivate/Qt6GuiPrivateConfigVersion.cmake"
		},
		{
			"isExternal" : true,
			"path" : "E:/qt/6.9.0/mingw_64/lib/cmake/Qt6GuiPrivate/Qt6GuiPrivateConfigVersionImpl.cmake"
		},
		{
			"isExternal" : true,
			"path" : "E:/qt/6.9.0/mingw_64/lib/cmake/Qt6GuiPrivate/Qt6GuiPrivateConfig.cmake"
		},
		{
			"isCMake" : true,
			"isExternal" : true,
			"path" : "C:/Program Files/JetBrains/CLion 2025.1.1/bin/cmake/win/x64/share/cmake-3.31/Modules/CMakeFindDependencyMacro.cmake"
		},
		{
			"isExternal" : true,
			"path" : "E:/qt/6.9.0/mingw_64/lib/cmake/Qt6GuiPrivate/Qt6GuiPrivateDependencies.cmake"
		},
		{
			"isExternal" : true,
			"path" : "E:/qt/6.9.0/mingw_64/lib/cmake/Qt6GuiPrivate/Qt6GuiPrivateTargets.cmake"
		},
		{
			"isExternal" : true,
			"path" : "E:/qt/6.9.0/mingw_64/lib/cmake/Qt6GuiPrivate/Qt6GuiPrivateAdditionalTargetInfo.cmake"
		},
		{
			"isExternal" : true,
			"path" : "E:/qt/6.9.0/mingw_64/lib/cmake/Qt6GuiPrivate/Qt6GuiPrivateVersionlessAliasTargets.cmake"
		},
		{
			"isExternal" : true,
			"path" : "E:/qt/6.9.0/mingw_64/lib/cmake/Qt6Gui/Qt6GuiPlugins.cmake"
		},
		{
			"isExternal" : true,
			"path" : "E:/qt/6.9.0/mingw_64/lib/cmake/Qt6Gui/Qt6QGifPluginConfig.cmake"
		},
		{
			"isCMake" : true,
			"isExternal" : true,
			"path" : "C:/Program Files/JetBrains/CLion 2025.1.1/bin/cmake/win/x64/share/cmake-3.31/Modules/CMakeFindDependencyMacro.cmake"
		},
		{
			"isExternal" : true,
			"path" : "E:/qt/6.9.0/mingw_64/lib/cmake/Qt6Gui/Qt6QGifPluginTargets.cmake"
		},
		{
			"isExternal" : true,
			"path" : "E:/qt/6.9.0/mingw_64/lib/cmake/Qt6Gui/Qt6QGifPluginTargets-relwithdebinfo.cmake"
		},
		{
			"isExternal" : true,
			"path" : "E:/qt/6.9.0/mingw_64/lib/cmake/Qt6Gui/Qt6QGifPluginAdditionalTargetInfo.cmake"
		},
		{
			"isExternal" : true,
			"path" : "E:/qt/6.9.0/mingw_64/lib/cmake/Qt6Gui/Qt6QICOPluginConfig.cmake"
		},
		{
			"isCMake" : true,
			"isExternal" : true,
			"path" : "C:/Program Files/JetBrains/CLion 2025.1.1/bin/cmake/win/x64/share/cmake-3.31/Modules/CMakeFindDependencyMacro.cmake"
		},
		{
			"isExternal" : true,
			"path" : "E:/qt/6.9.0/mingw_64/lib/cmake/Qt6Gui/Qt6QICOPluginTargets.cmake"
		},
		{
			"isExternal" : true,
			"path" : "E:/qt/6.9.0/mingw_64/lib/cmake/Qt6Gui/Qt6QICOPluginTargets-relwithdebinfo.cmake"
		},
		{
			"isExternal" : true,
			"path" : "E:/qt/6.9.0/mingw_64/lib/cmake/Qt6Gui/Qt6QICOPluginAdditionalTargetInfo.cmake"
		},
		{
			"isExternal" : true,
			"path" : "E:/qt/6.9.0/mingw_64/lib/cmake/Qt6Gui/Qt6QJpegPluginConfig.cmake"
		},
		{
			"isCMake" : true,
			"isExternal" : true,
			"path" : "C:/Program Files/JetBrains/CLion 2025.1.1/bin/cmake/win/x64/share/cmake-3.31/Modules/CMakeFindDependencyMacro.cmake"
		},
		{
			"isExternal" : true,
			"path" : "E:/qt/6.9.0/mingw_64/lib/cmake/Qt6Gui/Qt6QJpegPluginTargets.cmake"
		},
		{
			"isExternal" : true,
			"path" : "E:/qt/6.9.0/mingw_64/lib/cmake/Qt6Gui/Qt6QJpegPluginTargets-relwithdebinfo.cmake"
		},
		{
			"isExternal" : true,
			"path" : "E:/qt/6.9.0/mingw_64/lib/cmake/Qt6Gui/Qt6QJpegPluginAdditionalTargetInfo.cmake"
		},
		{
			"isExternal" : true,
			"path" : "E:/qt/6.9.0/mingw_64/lib/cmake/Qt6Gui/Qt6QMinimalIntegrationPluginConfig.cmake"
		},
		{
			"isCMake" : true,
			"isExternal" : true,
			"path" : "C:/Program Files/JetBrains/CLion 2025.1.1/bin/cmake/win/x64/share/cmake-3.31/Modules/CMakeFindDependencyMacro.cmake"
		},
		{
			"isExternal" : true,
			"path" : "E:/qt/6.9.0/mingw_64/lib/cmake/Qt6Gui/Qt6QMinimalIntegrationPluginTargets.cmake"
		},
		{
			"isExternal" : true,
			"path" : "E:/qt/6.9.0/mingw_64/lib/cmake/Qt6Gui/Qt6QMinimalIntegrationPluginTargets-relwithdebinfo.cmake"
		},
		{
			"isExternal" : true,
			"path" : "E:/qt/6.9.0/mingw_64/lib/cmake/Qt6Gui/Qt6QMinimalIntegrationPluginAdditionalTargetInfo.cmake"
		},
		{
			"isExternal" : true,
			"path" : "E:/qt/6.9.0/mingw_64/lib/cmake/Qt6Gui/Qt6QOffscreenIntegrationPluginConfig.cmake"
		},
		{
			"isCMake" : true,
			"isExternal" : true,
			"path" : "C:/Program Files/JetBrains/CLion 2025.1.1/bin/cmake/win/x64/share/cmake-3.31/Modules/CMakeFindDependencyMacro.cmake"
		},
		{
			"isExternal" : true,
			"path" : "E:/qt/6.9.0/mingw_64/lib/cmake/Qt6Gui/Qt6QOffscreenIntegrationPluginTargets.cmake"
		},
		{
			"isExternal" : true,
			"path" : "E:/qt/6.9.0/mingw_64/lib/cmake/Qt6Gui/Qt6QOffscreenIntegrationPluginTargets-relwithdebinfo.cmake"
		},
		{
			"isExternal" : true,
			"path" : "E:/qt/6.9.0/mingw_64/lib/cmake/Qt6Gui/Qt6QOffscreenIntegrationPluginAdditionalTargetInfo.cmake"
		},
		{
			"isExternal" : true,
			"path" : "E:/qt/6.9.0/mingw_64/lib/cmake/Qt6Gui/Qt6QSvgIconPluginConfig.cmake"
		},
		{
			"isCMake" : true,
			"isExternal" : true,
			"path" : "C:/Program Files/JetBrains/CLion 2025.1.1/bin/cmake/win/x64/share/cmake-3.31/Modules/CMakeFindDependencyMacro.cmake"
		},
		{
			"isExternal" : true,
			"path" : "E:/qt/6.9.0/mingw_64/lib/cmake/Qt6Gui/Qt6QSvgIconPluginTargets.cmake"
		},
		{
			"isExternal" : true,
			"path" : "E:/qt/6.9.0/mingw_64/lib/cmake/Qt6Gui/Qt6QSvgIconPluginTargets-relwithdebinfo.cmake"
		},
		{
			"isExternal" : true,
			"path" : "E:/qt/6.9.0/mingw_64/lib/cmake/Qt6Gui/Qt6QSvgIconPluginAdditionalTargetInfo.cmake"
		},
		{
			"isExternal" : true,
			"path" : "E:/qt/6.9.0/mingw_64/lib/cmake/Qt6Gui/Qt6QSvgPluginConfig.cmake"
		},
		{
			"isCMake" : true,
			"isExternal" : true,
			"path" : "C:/Program Files/JetBrains/CLion 2025.1.1/bin/cmake/win/x64/share/cmake-3.31/Modules/CMakeFindDependencyMacro.cmake"
		},
		{
			"isExternal" : true,
			"path" : "E:/qt/6.9.0/mingw_64/lib/cmake/Qt6Gui/Qt6QSvgPluginTargets.cmake"
		},
		{
			"isExternal" : true,
			"path" : "E:/qt/6.9.0/mingw_64/lib/cmake/Qt6Gui/Qt6QSvgPluginTargets-relwithdebinfo.cmake"
		},
		{
			"isExternal" : true,
			"path" : "E:/qt/6.9.0/mingw_64/lib/cmake/Qt6Gui/Qt6QSvgPluginAdditionalTargetInfo.cmake"
		},
		{
			"isExternal" : true,
			"path" : "E:/qt/6.9.0/mingw_64/lib/cmake/Qt6Gui/Qt6QTuioTouchPluginConfig.cmake"
		},
		{
			"isCMake" : true,
			"isExternal" : true,
			"path" : "C:/Program Files/JetBrains/CLion 2025.1.1/bin/cmake/win/x64/share/cmake-3.31/Modules/CMakeFindDependencyMacro.cmake"
		},
		{
			"isExternal" : true,
			"path" : "E:/qt/6.9.0/mingw_64/lib/cmake/Qt6Gui/Qt6QTuioTouchPluginTargets.cmake"
		},
		{
			"isExternal" : true,
			"path" : "E:/qt/6.9.0/mingw_64/lib/cmake/Qt6Gui/Qt6QTuioTouchPluginTargets-relwithdebinfo.cmake"
		},
		{
			"isExternal" : true,
			"path" : "E:/qt/6.9.0/mingw_64/lib/cmake/Qt6Gui/Qt6QTuioTouchPluginAdditionalTargetInfo.cmake"
		},
		{
			"isExternal" : true,
			"path" : "E:/qt/6.9.0/mingw_64/lib/cmake/Qt6Gui/Qt6QWindowsDirect2DIntegrationPluginConfig.cmake"
		},
		{
			"isCMake" : true,
			"isExternal" : true,
			"path" : "C:/Program Files/JetBrains/CLion 2025.1.1/bin/cmake/win/x64/share/cmake-3.31/Modules/CMakeFindDependencyMacro.cmake"
		},
		{
			"isExternal" : true,
			"path" : "E:/qt/6.9.0/mingw_64/lib/cmake/Qt6Gui/Qt6QWindowsDirect2DIntegrationPluginTargets.cmake"
		},
		{
			"isExternal" : true,
			"path" : "E:/qt/6.9.0/mingw_64/lib/cmake/Qt6Gui/Qt6QWindowsDirect2DIntegrationPluginTargets-relwithdebinfo.cmake"
		},
		{
			"isExternal" : true,
			"path" : "E:/qt/6.9.0/mingw_64/lib/cmake/Qt6Gui/Qt6QWindowsDirect2DIntegrationPluginAdditionalTargetInfo.cmake"
		},
		{
			"isExternal" : true,
			"path" : "E:/qt/6.9.0/mingw_64/lib/cmake/Qt6Gui/Qt6QWindowsIntegrationPluginConfig.cmake"
		},
		{
			"isCMake" : true,
			"isExternal" : true,
			"path" : "C:/Program Files/JetBrains/CLion 2025.1.1/bin/cmake/win/x64/share/cmake-3.31/Modules/CMakeFindDependencyMacro.cmake"
		},
		{
			"isExternal" : true,
			"path" : "E:/qt/6.9.0/mingw_64/lib/cmake/Qt6Gui/Qt6QWindowsIntegrationPluginTargets.cmake"
		},
		{
			"isExternal" : true,
			"path" : "E:/qt/6.9.0/mingw_64/lib/cmake/Qt6Gui/Qt6QWindowsIntegrationPluginTargets-relwithdebinfo.cmake"
		},
		{
			"isExternal" : true,
			"path" : "E:/qt/6.9.0/mingw_64/lib/cmake/Qt6Gui/Qt6QWindowsIntegrationPluginAdditionalTargetInfo.cmake"
		},
		{
			"isExternal" : true,
			"path" : "E:/qt/6.9.0/mingw_64/lib/cmake/Qt6Gui/Qt6GuiVersionlessAliasTargets.cmake"
		},
		{
			"isExternal" : true,
			"path" : "E:/qt/6.9.0/mingw_64/lib/cmake/Qt6Widgets/Qt6WidgetsTargets.cmake"
		},
		{
			"isExternal" : true,
			"path" : "E:/qt/6.9.0/mingw_64/lib/cmake/Qt6Widgets/Qt6WidgetsTargets-relwithdebinfo.cmake"
		},
		{
			"isExternal" : true,
			"path" : "E:/qt/6.9.0/mingw_64/lib/cmake/Qt6Widgets/Qt6WidgetsAdditionalTargetInfo.cmake"
		},
		{
			"isExternal" : true,
			"path" : "E:/qt/6.9.0/mingw_64/lib/cmake/Qt6WidgetsPrivate/Qt6WidgetsPrivateConfigVersion.cmake"
		},
		{
			"isExternal" : true,
			"path" : "E:/qt/6.9.0/mingw_64/lib/cmake/Qt6WidgetsPrivate/Qt6WidgetsPrivateConfigVersionImpl.cmake"
		},
		{
			"isExternal" : true,
			"path" : "E:/qt/6.9.0/mingw_64/lib/cmake/Qt6WidgetsPrivate/Qt6WidgetsPrivateConfig.cmake"
		},
		{
			"isCMake" : true,
			"isExternal" : true,
			"path" : "C:/Program Files/JetBrains/CLion 2025.1.1/bin/cmake/win/x64/share/cmake-3.31/Modules/CMakeFindDependencyMacro.cmake"
		},
		{
			"isExternal" : true,
			"path" : "E:/qt/6.9.0/mingw_64/lib/cmake/Qt6WidgetsPrivate/Qt6WidgetsPrivateDependencies.cmake"
		},
		{
			"isExternal" : true,
			"path" : "E:/qt/6.9.0/mingw_64/lib/cmake/Qt6WidgetsPrivate/Qt6WidgetsPrivateTargets.cmake"
		},
		{
			"isExternal" : true,
			"path" : "E:/qt/6.9.0/mingw_64/lib/cmake/Qt6WidgetsPrivate/Qt6WidgetsPrivateAdditionalTargetInfo.cmake"
		},
		{
			"isExternal" : true,
			"path" : "E:/qt/6.9.0/mingw_64/lib/cmake/Qt6WidgetsPrivate/Qt6WidgetsPrivateVersionlessAliasTargets.cmake"
		},
		{
			"isExternal" : true,
			"path" : "E:/qt/6.9.0/mingw_64/lib/cmake/Qt6Widgets/Qt6WidgetsMacros.cmake"
		},
		{
			"isExternal" : true,
			"path" : "E:/qt/6.9.0/mingw_64/lib/cmake/Qt6Widgets/Qt6WidgetsPlugins.cmake"
		},
		{
			"isExternal" : true,
			"path" : "E:/qt/6.9.0/mingw_64/lib/cmake/Qt6Widgets/Qt6QModernWindowsStylePluginConfig.cmake"
		},
		{
			"isCMake" : true,
			"isExternal" : true,
			"path" : "C:/Program Files/JetBrains/CLion 2025.1.1/bin/cmake/win/x64/share/cmake-3.31/Modules/CMakeFindDependencyMacro.cmake"
		},
		{
			"isExternal" : true,
			"path" : "E:/qt/6.9.0/mingw_64/lib/cmake/Qt6Widgets/Qt6QModernWindowsStylePluginTargets.cmake"
		},
		{
			"isExternal" : true,
			"path" : "E:/qt/6.9.0/mingw_64/lib/cmake/Qt6Widgets/Qt6QModernWindowsStylePluginTargets-relwithdebinfo.cmake"
		},
		{
			"isExternal" : true,
			"path" : "E:/qt/6.9.0/mingw_64/lib/cmake/Qt6Widgets/Qt6QModernWindowsStylePluginAdditionalTargetInfo.cmake"
		},
		{
			"isExternal" : true,
			"path" : "E:/qt/6.9.0/mingw_64/lib/cmake/Qt6Widgets/Qt6WidgetsVersionlessAliasTargets.cmake"
		},
		{
			"isExternal" : true,
			"path" : "E:/qt/6.9.0/mingw_64/lib/cmake/Qt6Network/Qt6NetworkConfigVersion.cmake"
		},
		{
			"isExternal" : true,
			"path" : "E:/qt/6.9.0/mingw_64/lib/cmake/Qt6Network/Qt6NetworkConfigVersionImpl.cmake"
		},
		{
			"isExternal" : true,
			"path" : "E:/qt/6.9.0/mingw_64/lib/cmake/Qt6Network/Qt6NetworkConfig.cmake"
		},
		{
			"isCMake" : true,
			"isExternal" : true,
			"path" : "C:/Program Files/JetBrains/CLion 2025.1.1/bin/cmake/win/x64/share/cmake-3.31/Modules/CMakeFindDependencyMacro.cmake"
		},
		{
			"isExternal" : true,
			"path" : "E:/qt/6.9.0/mingw_64/lib/cmake/Qt6Network/Qt6NetworkDependencies.cmake"
		},
		{
			"isExternal" : true,
			"path" : "E:/qt/6.9.0/mingw_64/lib/cmake/Qt6Network/Qt6NetworkTargets.cmake"
		},
		{
			"isExternal" : true,
			"path" : "E:/qt/6.9.0/mingw_64/lib/cmake/Qt6Network/Qt6NetworkTargets-relwithdebinfo.cmake"
		},
		{
			"isExternal" : true,
			"path" : "E:/qt/6.9.0/mingw_64/lib/cmake/Qt6Network/Qt6NetworkAdditionalTargetInfo.cmake"
		},
		{
			"isExternal" : true,
			"path" : "E:/qt/6.9.0/mingw_64/lib/cmake/Qt6NetworkPrivate/Qt6NetworkPrivateConfigVersion.cmake"
		},
		{
			"isExternal" : true,
			"path" : "E:/qt/6.9.0/mingw_64/lib/cmake/Qt6NetworkPrivate/Qt6NetworkPrivateConfigVersionImpl.cmake"
		},
		{
			"isExternal" : true,
			"path" : "E:/qt/6.9.0/mingw_64/lib/cmake/Qt6NetworkPrivate/Qt6NetworkPrivateConfig.cmake"
		},
		{
			"isCMake" : true,
			"isExternal" : true,
			"path" : "C:/Program Files/JetBrains/CLion 2025.1.1/bin/cmake/win/x64/share/cmake-3.31/Modules/CMakeFindDependencyMacro.cmake"
		},
		{
			"isExternal" : true,
			"path" : "E:/qt/6.9.0/mingw_64/lib/cmake/Qt6NetworkPrivate/Qt6NetworkPrivateDependencies.cmake"
		},
		{
			"isExternal" : true,
			"path" : "E:/qt/6.9.0/mingw_64/lib/cmake/Qt6NetworkPrivate/Qt6NetworkPrivateTargets.cmake"
		},
		{
			"isExternal" : true,
			"path" : "E:/qt/6.9.0/mingw_64/lib/cmake/Qt6NetworkPrivate/Qt6NetworkPrivateAdditionalTargetInfo.cmake"
		},
		{
			"isExternal" : true,
			"path" : "E:/qt/6.9.0/mingw_64/lib/cmake/Qt6NetworkPrivate/Qt6NetworkPrivateVersionlessAliasTargets.cmake"
		},
		{
			"isExternal" : true,
			"path" : "E:/qt/6.9.0/mingw_64/lib/cmake/Qt6Network/Qt6NetworkPlugins.cmake"
		},
		{
			"isExternal" : true,
			"path" : "E:/qt/6.9.0/mingw_64/lib/cmake/Qt6Network/Qt6QNLMNIPluginConfig.cmake"
		},
		{
			"isCMake" : true,
			"isExternal" : true,
			"path" : "C:/Program Files/JetBrains/CLion 2025.1.1/bin/cmake/win/x64/share/cmake-3.31/Modules/CMakeFindDependencyMacro.cmake"
		},
		{
			"isExternal" : true,
			"path" : "E:/qt/6.9.0/mingw_64/lib/cmake/Qt6Network/Qt6QNLMNIPluginTargets.cmake"
		},
		{
			"isExternal" : true,
			"path" : "E:/qt/6.9.0/mingw_64/lib/cmake/Qt6Network/Qt6QNLMNIPluginTargets-relwithdebinfo.cmake"
		},
		{
			"isExternal" : true,
			"path" : "E:/qt/6.9.0/mingw_64/lib/cmake/Qt6Network/Qt6QNLMNIPluginAdditionalTargetInfo.cmake"
		},
		{
			"isExternal" : true,
			"path" : "E:/qt/6.9.0/mingw_64/lib/cmake/Qt6Network/Qt6QSchannelBackendPluginConfig.cmake"
		},
		{
			"isCMake" : true,
			"isExternal" : true,
			"path" : "C:/Program Files/JetBrains/CLion 2025.1.1/bin/cmake/win/x64/share/cmake-3.31/Modules/CMakeFindDependencyMacro.cmake"
		},
		{
			"isExternal" : true,
			"path" : "E:/qt/6.9.0/mingw_64/lib/cmake/Qt6Network/Qt6QSchannelBackendPluginTargets.cmake"
		},
		{
			"isExternal" : true,
			"path" : "E:/qt/6.9.0/mingw_64/lib/cmake/Qt6Network/Qt6QSchannelBackendPluginTargets-relwithdebinfo.cmake"
		},
		{
			"isExternal" : true,
			"path" : "E:/qt/6.9.0/mingw_64/lib/cmake/Qt6Network/Qt6QSchannelBackendPluginAdditionalTargetInfo.cmake"
		},
		{
			"isExternal" : true,
			"path" : "E:/qt/6.9.0/mingw_64/lib/cmake/Qt6Network/Qt6QTlsBackendCertOnlyPluginConfig.cmake"
		},
		{
			"isCMake" : true,
			"isExternal" : true,
			"path" : "C:/Program Files/JetBrains/CLion 2025.1.1/bin/cmake/win/x64/share/cmake-3.31/Modules/CMakeFindDependencyMacro.cmake"
		},
		{
			"isExternal" : true,
			"path" : "E:/qt/6.9.0/mingw_64/lib/cmake/Qt6Network/Qt6QTlsBackendCertOnlyPluginTargets.cmake"
		},
		{
			"isExternal" : true,
			"path" : "E:/qt/6.9.0/mingw_64/lib/cmake/Qt6Network/Qt6QTlsBackendCertOnlyPluginTargets-relwithdebinfo.cmake"
		},
		{
			"isExternal" : true,
			"path" : "E:/qt/6.9.0/mingw_64/lib/cmake/Qt6Network/Qt6QTlsBackendCertOnlyPluginAdditionalTargetInfo.cmake"
		},
		{
			"isExternal" : true,
			"path" : "E:/qt/6.9.0/mingw_64/lib/cmake/Qt6Network/Qt6QTlsBackendOpenSSLPluginConfig.cmake"
		},
		{
			"isCMake" : true,
			"isExternal" : true,
			"path" : "C:/Program Files/JetBrains/CLion 2025.1.1/bin/cmake/win/x64/share/cmake-3.31/Modules/CMakeFindDependencyMacro.cmake"
		},
		{
			"isExternal" : true,
			"path" : "E:/qt/6.9.0/mingw_64/lib/cmake/Qt6Network/Qt6QTlsBackendOpenSSLPluginTargets.cmake"
		},
		{
			"isExternal" : true,
			"path" : "E:/qt/6.9.0/mingw_64/lib/cmake/Qt6Network/Qt6QTlsBackendOpenSSLPluginTargets-relwithdebinfo.cmake"
		},
		{
			"isExternal" : true,
			"path" : "E:/qt/6.9.0/mingw_64/lib/cmake/Qt6Network/Qt6QTlsBackendOpenSSLPluginAdditionalTargetInfo.cmake"
		},
		{
			"isExternal" : true,
			"path" : "E:/qt/6.9.0/mingw_64/lib/cmake/Qt6Network/Qt6NetworkVersionlessAliasTargets.cmake"
		}
	],
	"kind" : "cmakeFiles",
	"paths" : 
	{
		"build" : "C:/Users/Lenovo/Desktop/weatherForecast/cmake-build-debug",
		"source" : "C:/Users/Lenovo/Desktop/weatherForecast"
	},
	"version" : 
	{
		"major" : 1,
		"minor" : 1
	}
}
