{
	"configurations" : 
	[
		{
			"directories" : 
			[
				{
					"build" : ".",
					"jsonFile" : "directory-.-Debug-d0094a50bb2071803777.json",
					"minimumCMakeVersion" : 
					{
						"string" : "3.16"
					},
					"projectIndex" : 0,
					"source" : ".",
					"targetIndexes" : 
					[
						0,
						1,
						2,
						3,
						4,
						5
					]
				}
			],
			"name" : "Debug",
			"projects" : 
			[
				{
					"directoryIndexes" : 
					[
						0
					],
					"name" : "weatherForecast",
					"targetIndexes" : 
					[
						0,
						1,
						2,
						3,
						4,
						5
					]
				}
			],
			"targets" : 
			[
				{
					"directoryIndex" : 0,
					"id" : "weather_cli::@6890427a1f51a3e7e1df",
					"jsonFile" : "target-weather_cli-Debug-2a50b7f7736d0a21819a.json",
					"name" : "weather_cli",
					"projectIndex" : 0
				},
				{
					"directoryIndex" : 0,
					"id" : "weather_cli_autogen::@6890427a1f51a3e7e1df",
					"jsonFile" : "target-weather_cli_autogen-Debug-db44c2f3ffcc0adbf8ad.json",
					"name" : "weather_cli_autogen",
					"projectIndex" : 0
				},
				{
					"directoryIndex" : 0,
					"id" : "weather_cli_autogen_timestamp_deps::@6890427a1f51a3e7e1df",
					"jsonFile" : "target-weather_cli_autogen_timestamp_deps-Debug-bc812f5faa70d606582a.json",
					"name" : "weather_cli_autogen_timestamp_deps",
					"projectIndex" : 0
				},
				{
					"directoryIndex" : 0,
					"id" : "weather_gui::@6890427a1f51a3e7e1df",
					"jsonFile" : "target-weather_gui-Debug-c812d4290a802a9a3633.json",
					"name" : "weather_gui",
					"projectIndex" : 0
				},
				{
					"directoryIndex" : 0,
					"id" : "weather_gui_autogen::@6890427a1f51a3e7e1df",
					"jsonFile" : "target-weather_gui_autogen-Debug-659793c0c61af10deb66.json",
					"name" : "weather_gui_autogen",
					"projectIndex" : 0
				},
				{
					"directoryIndex" : 0,
					"id" : "weather_gui_autogen_timestamp_deps::@6890427a1f51a3e7e1df",
					"jsonFile" : "target-weather_gui_autogen_timestamp_deps-Debug-8fa3be778451aca24eb5.json",
					"name" : "weather_gui_autogen_timestamp_deps",
					"projectIndex" : 0
				}
			]
		}
	],
	"kind" : "codemodel",
	"paths" : 
	{
		"build" : "C:/Users/Lenovo/Desktop/weatherForecast/cmake-build-debug",
		"source" : "C:/Users/Lenovo/Desktop/weatherForecast"
	},
	"version" : 
	{
		"major" : 2,
		"minor" : 7
	}
}
