{
	"AUTOGEN_COMMAND_LINE_LENGTH_MAX" : 32000,
	"BUILD_DIR" : "C:/Users/Lenovo/Desktop/weatherForecast/cmake-build-debug/weather_gui_autogen",
	"CMAKE_BINARY_DIR" : "C:/Users/Lenovo/Desktop/weatherForecast/cmake-build-debug",
	"CMAKE_CURRENT_BINARY_DIR" : "C:/Users/Lenovo/Desktop/weatherForecast/cmake-build-debug",
	"CMAKE_CURRENT_SOURCE_DIR" : "C:/Users/Lenovo/Desktop/weatherForecast",
	"CMAKE_EXECUTABLE" : "C:/Program Files/JetBrains/CLion 2025.1.1/bin/cmake/win/x64/bin/cmake.exe",
	"CMAKE_LIST_FILES" : 
	[
		"C:/Users/Lenovo/Desktop/weatherForecast/CMakeLists.txt",
		"C:/Users/Lenovo/Desktop/weatherForecast/cmake-build-debug/CMakeFiles/3.31.6/CMakeSystem.cmake",
		"C:/Program Files/JetBrains/CLion 2025.1.1/bin/cmake/win/x64/share/cmake-3.31/Modules/CMakeSystemSpecificInitialize.cmake",
		"C:/Program Files/JetBrains/CLion 2025.1.1/bin/cmake/win/x64/share/cmake-3.31/Modules/Platform/Windows-Initialize.cmake",
		"C:/Users/Lenovo/Desktop/weatherForecast/cmake-build-debug/CMakeFiles/3.31.6/CMakeCCompiler.cmake",
		"C:/Users/Lenovo/Desktop/weatherForecast/cmake-build-debug/CMakeFiles/3.31.6/CMakeCXXCompiler.cmake",
		"C:/Program Files/JetBrains/CLion 2025.1.1/bin/cmake/win/x64/share/cmake-3.31/Modules/CMakeSystemSpecificInformation.cmake",
		"C:/Program Files/JetBrains/CLion 2025.1.1/bin/cmake/win/x64/share/cmake-3.31/Modules/CMakeGenericSystem.cmake",
		"C:/Program Files/JetBrains/CLion 2025.1.1/bin/cmake/win/x64/share/cmake-3.31/Modules/CMakeInitializeConfigs.cmake",
		"C:/Program Files/JetBrains/CLion 2025.1.1/bin/cmake/win/x64/share/cmake-3.31/Modules/Platform/Windows.cmake",
		"C:/Program Files/JetBrains/CLion 2025.1.1/bin/cmake/win/x64/share/cmake-3.31/Modules/Platform/WindowsPaths.cmake",
		"C:/Program Files/JetBrains/CLion 2025.1.1/bin/cmake/win/x64/share/cmake-3.31/Modules/CMakeCInformation.cmake",
		"C:/Program Files/JetBrains/CLion 2025.1.1/bin/cmake/win/x64/share/cmake-3.31/Modules/CMakeLanguageInformation.cmake",
		"C:/Program Files/JetBrains/CLion 2025.1.1/bin/cmake/win/x64/share/cmake-3.31/Modules/Compiler/GNU-C.cmake",
		"C:/Program Files/JetBrains/CLion 2025.1.1/bin/cmake/win/x64/share/cmake-3.31/Modules/Compiler/GNU.cmake",
		"C:/Program Files/JetBrains/CLion 2025.1.1/bin/cmake/win/x64/share/cmake-3.31/Modules/Compiler/CMakeCommonCompilerMacros.cmake",
		"C:/Program Files/JetBrains/CLion 2025.1.1/bin/cmake/win/x64/share/cmake-3.31/Modules/Platform/Windows-GNU-C.cmake",
		"C:/Program Files/JetBrains/CLion 2025.1.1/bin/cmake/win/x64/share/cmake-3.31/Modules/Platform/Windows-GNU.cmake",
		"C:/Users/Lenovo/Desktop/weatherForecast/cmake-build-debug/CMakeFiles/3.31.6/CMakeRCCompiler.cmake",
		"C:/Program Files/JetBrains/CLion 2025.1.1/bin/cmake/win/x64/share/cmake-3.31/Modules/CMakeRCInformation.cmake",
		"C:/Program Files/JetBrains/CLion 2025.1.1/bin/cmake/win/x64/share/cmake-3.31/Modules/Platform/Windows-windres.cmake",
		"C:/Program Files/JetBrains/CLion 2025.1.1/bin/cmake/win/x64/share/cmake-3.31/Modules/Platform/Windows-GNU-C-ABI.cmake",
		"C:/Program Files/JetBrains/CLion 2025.1.1/bin/cmake/win/x64/share/cmake-3.31/Modules/CMakeCommonLanguageInclude.cmake",
		"C:/Program Files/JetBrains/CLion 2025.1.1/bin/cmake/win/x64/share/cmake-3.31/Modules/Internal/CMakeCLinkerInformation.cmake",
		"C:/Program Files/JetBrains/CLion 2025.1.1/bin/cmake/win/x64/share/cmake-3.31/Modules/Internal/CMakeCommonLinkerInformation.cmake",
		"C:/Program Files/JetBrains/CLion 2025.1.1/bin/cmake/win/x64/share/cmake-3.31/Modules/Linker/GNU-C.cmake",
		"C:/Program Files/JetBrains/CLion 2025.1.1/bin/cmake/win/x64/share/cmake-3.31/Modules/Linker/GNU.cmake",
		"C:/Program Files/JetBrains/CLion 2025.1.1/bin/cmake/win/x64/share/cmake-3.31/Modules/Platform/Linker/Windows-GNU-C.cmake",
		"C:/Program Files/JetBrains/CLion 2025.1.1/bin/cmake/win/x64/share/cmake-3.31/Modules/Platform/Linker/Windows-GNU.cmake",
		"C:/Program Files/JetBrains/CLion 2025.1.1/bin/cmake/win/x64/share/cmake-3.31/Modules/Platform/Linker/GNU.cmake",
		"C:/Program Files/JetBrains/CLion 2025.1.1/bin/cmake/win/x64/share/cmake-3.31/Modules/CMakeCXXInformation.cmake",
		"C:/Program Files/JetBrains/CLion 2025.1.1/bin/cmake/win/x64/share/cmake-3.31/Modules/CMakeLanguageInformation.cmake",
		"C:/Program Files/JetBrains/CLion 2025.1.1/bin/cmake/win/x64/share/cmake-3.31/Modules/Compiler/GNU-CXX.cmake",
		"C:/Program Files/JetBrains/CLion 2025.1.1/bin/cmake/win/x64/share/cmake-3.31/Modules/Compiler/GNU.cmake",
		"C:/Program Files/JetBrains/CLion 2025.1.1/bin/cmake/win/x64/share/cmake-3.31/Modules/Platform/Windows-GNU-CXX.cmake",
		"C:/Program Files/JetBrains/CLion 2025.1.1/bin/cmake/win/x64/share/cmake-3.31/Modules/Platform/Windows-GNU.cmake",
		"C:/Program Files/JetBrains/CLion 2025.1.1/bin/cmake/win/x64/share/cmake-3.31/Modules/Platform/Windows-GNU-CXX-ABI.cmake",
		"C:/Program Files/JetBrains/CLion 2025.1.1/bin/cmake/win/x64/share/cmake-3.31/Modules/CMakeCommonLanguageInclude.cmake",
		"C:/Program Files/JetBrains/CLion 2025.1.1/bin/cmake/win/x64/share/cmake-3.31/Modules/Internal/CMakeCXXLinkerInformation.cmake",
		"C:/Program Files/JetBrains/CLion 2025.1.1/bin/cmake/win/x64/share/cmake-3.31/Modules/Internal/CMakeCommonLinkerInformation.cmake",
		"C:/Program Files/JetBrains/CLion 2025.1.1/bin/cmake/win/x64/share/cmake-3.31/Modules/Linker/GNU-CXX.cmake",
		"C:/Program Files/JetBrains/CLion 2025.1.1/bin/cmake/win/x64/share/cmake-3.31/Modules/Linker/GNU.cmake",
		"C:/Program Files/JetBrains/CLion 2025.1.1/bin/cmake/win/x64/share/cmake-3.31/Modules/Platform/Linker/Windows-GNU-CXX.cmake",
		"C:/Program Files/JetBrains/CLion 2025.1.1/bin/cmake/win/x64/share/cmake-3.31/Modules/Platform/Linker/Windows-GNU.cmake",
		"E:/qt/6.9.0/mingw_64/lib/cmake/Qt6/Qt6ConfigVersion.cmake",
		"E:/qt/6.9.0/mingw_64/lib/cmake/Qt6/Qt6ConfigVersionImpl.cmake",
		"E:/qt/6.9.0/mingw_64/lib/cmake/Qt6/Qt6Config.cmake",
		"E:/qt/6.9.0/mingw_64/lib/cmake/Qt6/Qt6ConfigExtras.cmake",
		"E:/qt/6.9.0/mingw_64/lib/cmake/Qt6/QtPublicCMakeVersionHelpers.cmake",
		"E:/qt/6.9.0/mingw_64/lib/cmake/Qt6/QtPublicCMakeHelpers.cmake",
		"E:/qt/6.9.0/mingw_64/lib/cmake/Qt6/QtInstallPaths.cmake",
		"E:/qt/6.9.0/mingw_64/lib/cmake/Qt6/Qt6Targets.cmake",
		"E:/qt/6.9.0/mingw_64/lib/cmake/Qt6/Qt6VersionlessAliasTargets.cmake",
		"E:/qt/6.9.0/mingw_64/lib/cmake/Qt6/QtFeature.cmake",
		"C:/Program Files/JetBrains/CLion 2025.1.1/bin/cmake/win/x64/share/cmake-3.31/Modules/CheckCXXCompilerFlag.cmake",
		"C:/Program Files/JetBrains/CLion 2025.1.1/bin/cmake/win/x64/share/cmake-3.31/Modules/Internal/CheckCompilerFlag.cmake",
		"C:/Program Files/JetBrains/CLion 2025.1.1/bin/cmake/win/x64/share/cmake-3.31/Modules/Internal/CheckFlagCommonConfig.cmake",
		"C:/Program Files/JetBrains/CLion 2025.1.1/bin/cmake/win/x64/share/cmake-3.31/Modules/Internal/CheckSourceCompiles.cmake",
		"C:/Program Files/JetBrains/CLion 2025.1.1/bin/cmake/win/x64/share/cmake-3.31/Modules/CMakeCheckCompilerFlagCommonPatterns.cmake",
		"C:/Program Files/JetBrains/CLion 2025.1.1/bin/cmake/win/x64/share/cmake-3.31/Modules/CheckCXXSourceCompiles.cmake",
		"C:/Program Files/JetBrains/CLion 2025.1.1/bin/cmake/win/x64/share/cmake-3.31/Modules/Internal/CheckSourceCompiles.cmake",
		"E:/qt/6.9.0/mingw_64/lib/cmake/Qt6/QtFeatureCommon.cmake",
		"E:/qt/6.9.0/mingw_64/lib/cmake/Qt6/QtPublicAndroidHelpers.cmake",
		"E:/qt/6.9.0/mingw_64/lib/cmake/Qt6/QtPublicAppleHelpers.cmake",
		"E:/qt/6.9.0/mingw_64/lib/cmake/Qt6/QtPublicCMakeHelpers.cmake",
		"E:/qt/6.9.0/mingw_64/lib/cmake/Qt6/QtPublicCMakeVersionHelpers.cmake",
		"E:/qt/6.9.0/mingw_64/lib/cmake/Qt6/QtPublicDependencyHelpers.cmake",
		"E:/qt/6.9.0/mingw_64/lib/cmake/Qt6/QtPublicExternalProjectHelpers.cmake",
		"E:/qt/6.9.0/mingw_64/lib/cmake/Qt6/QtPublicFinalizerHelpers.cmake",
		"E:/qt/6.9.0/mingw_64/lib/cmake/Qt6/QtPublicFindPackageHelpers.cmake",
		"E:/qt/6.9.0/mingw_64/lib/cmake/Qt6/QtPublicGitHelpers.cmake",
		"E:/qt/6.9.0/mingw_64/lib/cmake/Qt6/QtPublicPluginHelpers.cmake",
		"E:/qt/6.9.0/mingw_64/lib/cmake/Qt6/QtPublicPluginHelpers_v2.cmake",
		"E:/qt/6.9.0/mingw_64/lib/cmake/Qt6/QtPublicSbomAttributionHelpers.cmake",
		"E:/qt/6.9.0/mingw_64/lib/cmake/Qt6/QtPublicSbomCpeHelpers.cmake",
		"E:/qt/6.9.0/mingw_64/lib/cmake/Qt6/QtPublicSbomDepHelpers.cmake",
		"E:/qt/6.9.0/mingw_64/lib/cmake/Qt6/QtPublicSbomFileHelpers.cmake",
		"E:/qt/6.9.0/mingw_64/lib/cmake/Qt6/QtPublicSbomGenerationHelpers.cmake",
		"E:/qt/6.9.0/mingw_64/lib/cmake/Qt6/QtPublicSbomHelpers.cmake",
		"E:/qt/6.9.0/mingw_64/lib/cmake/Qt6/QtPublicSbomLicenseHelpers.cmake",
		"E:/qt/6.9.0/mingw_64/lib/cmake/Qt6/QtPublicSbomOpsHelpers.cmake",
		"E:/qt/6.9.0/mingw_64/lib/cmake/Qt6/QtPublicSbomPurlHelpers.cmake",
		"E:/qt/6.9.0/mingw_64/lib/cmake/Qt6/QtPublicSbomPythonHelpers.cmake",
		"E:/qt/6.9.0/mingw_64/lib/cmake/Qt6/QtPublicSbomQtEntityHelpers.cmake",
		"E:/qt/6.9.0/mingw_64/lib/cmake/Qt6/QtPublicSbomSystemDepHelpers.cmake",
		"E:/qt/6.9.0/mingw_64/lib/cmake/Qt6/QtPublicTargetHelpers.cmake",
		"E:/qt/6.9.0/mingw_64/lib/cmake/Qt6/QtPublicTestHelpers.cmake",
		"E:/qt/6.9.0/mingw_64/lib/cmake/Qt6/QtPublicToolHelpers.cmake",
		"E:/qt/6.9.0/mingw_64/lib/cmake/Qt6/QtPublicWalkLibsHelpers.cmake",
		"E:/qt/6.9.0/mingw_64/lib/cmake/Qt6/QtPublicWindowsHelpers.cmake",
		"C:/Program Files/JetBrains/CLion 2025.1.1/bin/cmake/win/x64/share/cmake-3.31/Modules/CMakeFindDependencyMacro.cmake",
		"E:/qt/6.9.0/mingw_64/lib/cmake/Qt6/Qt6Dependencies.cmake",
		"C:/Program Files/JetBrains/CLion 2025.1.1/bin/cmake/win/x64/share/cmake-3.31/Modules/FindThreads.cmake",
		"C:/Program Files/JetBrains/CLion 2025.1.1/bin/cmake/win/x64/share/cmake-3.31/Modules/CheckLibraryExists.cmake",
		"C:/Program Files/JetBrains/CLion 2025.1.1/bin/cmake/win/x64/share/cmake-3.31/Modules/CheckIncludeFile.cmake",
		"C:/Program Files/JetBrains/CLion 2025.1.1/bin/cmake/win/x64/share/cmake-3.31/Modules/CheckCSourceCompiles.cmake",
		"C:/Program Files/JetBrains/CLion 2025.1.1/bin/cmake/win/x64/share/cmake-3.31/Modules/Internal/CheckSourceCompiles.cmake",
		"C:/Program Files/JetBrains/CLion 2025.1.1/bin/cmake/win/x64/share/cmake-3.31/Modules/FindPackageHandleStandardArgs.cmake",
		"C:/Program Files/JetBrains/CLion 2025.1.1/bin/cmake/win/x64/share/cmake-3.31/Modules/FindPackageMessage.cmake",
		"E:/qt/6.9.0/mingw_64/lib/cmake/Qt6Widgets/Qt6WidgetsConfigVersion.cmake",
		"E:/qt/6.9.0/mingw_64/lib/cmake/Qt6Widgets/Qt6WidgetsConfigVersionImpl.cmake",
		"E:/qt/6.9.0/mingw_64/lib/cmake/Qt6Widgets/Qt6WidgetsConfig.cmake",
		"C:/Program Files/JetBrains/CLion 2025.1.1/bin/cmake/win/x64/share/cmake-3.31/Modules/CMakeFindDependencyMacro.cmake",
		"E:/qt/6.9.0/mingw_64/lib/cmake/Qt6Widgets/Qt6WidgetsDependencies.cmake",
		"E:/qt/6.9.0/mingw_64/lib/cmake/Qt6WidgetsTools/Qt6WidgetsToolsConfigVersion.cmake",
		"E:/qt/6.9.0/mingw_64/lib/cmake/Qt6WidgetsTools/Qt6WidgetsToolsConfigVersionImpl.cmake",
		"E:/qt/6.9.0/mingw_64/lib/cmake/Qt6WidgetsTools/Qt6WidgetsToolsConfig.cmake",
		"C:/Program Files/JetBrains/CLion 2025.1.1/bin/cmake/win/x64/share/cmake-3.31/Modules/CMakeFindDependencyMacro.cmake",
		"E:/qt/6.9.0/mingw_64/lib/cmake/Qt6WidgetsTools/Qt6WidgetsToolsDependencies.cmake",
		"E:/qt/6.9.0/mingw_64/lib/cmake/Qt6CoreTools/Qt6CoreToolsConfigVersion.cmake",
		"E:/qt/6.9.0/mingw_64/lib/cmake/Qt6CoreTools/Qt6CoreToolsConfigVersionImpl.cmake",
		"E:/qt/6.9.0/mingw_64/lib/cmake/Qt6CoreTools/Qt6CoreToolsConfig.cmake",
		"C:/Program Files/JetBrains/CLion 2025.1.1/bin/cmake/win/x64/share/cmake-3.31/Modules/CMakeFindDependencyMacro.cmake",
		"E:/qt/6.9.0/mingw_64/lib/cmake/Qt6CoreTools/Qt6CoreToolsDependencies.cmake",
		"E:/qt/6.9.0/mingw_64/lib/cmake/Qt6CoreTools/Qt6CoreToolsTargets.cmake",
		"E:/qt/6.9.0/mingw_64/lib/cmake/Qt6CoreTools/Qt6CoreToolsTargets-relwithdebinfo.cmake",
		"E:/qt/6.9.0/mingw_64/lib/cmake/Qt6CoreTools/Qt6CoreToolsAdditionalTargetInfo.cmake",
		"E:/qt/6.9.0/mingw_64/lib/cmake/Qt6CoreTools/Qt6CoreToolsVersionlessTargets.cmake",
		"E:/qt/6.9.0/mingw_64/lib/cmake/Qt6GuiTools/Qt6GuiToolsConfigVersion.cmake",
		"E:/qt/6.9.0/mingw_64/lib/cmake/Qt6GuiTools/Qt6GuiToolsConfigVersionImpl.cmake",
		"E:/qt/6.9.0/mingw_64/lib/cmake/Qt6GuiTools/Qt6GuiToolsConfig.cmake",
		"C:/Program Files/JetBrains/CLion 2025.1.1/bin/cmake/win/x64/share/cmake-3.31/Modules/CMakeFindDependencyMacro.cmake",
		"E:/qt/6.9.0/mingw_64/lib/cmake/Qt6GuiTools/Qt6GuiToolsDependencies.cmake",
		"E:/qt/6.9.0/mingw_64/lib/cmake/Qt6CoreTools/Qt6CoreToolsConfigVersion.cmake",
		"E:/qt/6.9.0/mingw_64/lib/cmake/Qt6CoreTools/Qt6CoreToolsConfigVersionImpl.cmake",
		"E:/qt/6.9.0/mingw_64/lib/cmake/Qt6CoreTools/Qt6CoreToolsConfig.cmake",
		"C:/Program Files/JetBrains/CLion 2025.1.1/bin/cmake/win/x64/share/cmake-3.31/Modules/CMakeFindDependencyMacro.cmake",
		"E:/qt/6.9.0/mingw_64/lib/cmake/Qt6CoreTools/Qt6CoreToolsDependencies.cmake",
		"E:/qt/6.9.0/mingw_64/lib/cmake/Qt6CoreTools/Qt6CoreToolsTargets.cmake",
		"E:/qt/6.9.0/mingw_64/lib/cmake/Qt6CoreTools/Qt6CoreToolsAdditionalTargetInfo.cmake",
		"E:/qt/6.9.0/mingw_64/lib/cmake/Qt6CoreTools/Qt6CoreToolsVersionlessTargets.cmake",
		"E:/qt/6.9.0/mingw_64/lib/cmake/Qt6GuiTools/Qt6GuiToolsTargets.cmake",
		"E:/qt/6.9.0/mingw_64/lib/cmake/Qt6GuiTools/Qt6GuiToolsTargets-relwithdebinfo.cmake",
		"E:/qt/6.9.0/mingw_64/lib/cmake/Qt6GuiTools/Qt6GuiToolsAdditionalTargetInfo.cmake",
		"E:/qt/6.9.0/mingw_64/lib/cmake/Qt6GuiTools/Qt6GuiToolsVersionlessTargets.cmake",
		"E:/qt/6.9.0/mingw_64/lib/cmake/Qt6WidgetsTools/Qt6WidgetsToolsTargets.cmake",
		"E:/qt/6.9.0/mingw_64/lib/cmake/Qt6WidgetsTools/Qt6WidgetsToolsTargets-relwithdebinfo.cmake",
		"E:/qt/6.9.0/mingw_64/lib/cmake/Qt6WidgetsTools/Qt6WidgetsToolsAdditionalTargetInfo.cmake",
		"E:/qt/6.9.0/mingw_64/lib/cmake/Qt6WidgetsTools/Qt6WidgetsToolsVersionlessTargets.cmake",
		"E:/qt/6.9.0/mingw_64/lib/cmake/Qt6Core/Qt6CoreConfigVersion.cmake",
		"E:/qt/6.9.0/mingw_64/lib/cmake/Qt6Core/Qt6CoreConfigVersionImpl.cmake",
		"E:/qt/6.9.0/mingw_64/lib/cmake/Qt6Core/Qt6CoreConfig.cmake",
		"C:/Program Files/JetBrains/CLion 2025.1.1/bin/cmake/win/x64/share/cmake-3.31/Modules/CMakeFindDependencyMacro.cmake",
		"E:/qt/6.9.0/mingw_64/lib/cmake/Qt6Core/Qt6CoreDependencies.cmake",
		"E:/qt/6.9.0/mingw_64/lib/cmake/Qt6/FindWrapAtomic.cmake",
		"C:/Program Files/JetBrains/CLion 2025.1.1/bin/cmake/win/x64/share/cmake-3.31/Modules/CheckCXXSourceCompiles.cmake",
		"C:/Program Files/JetBrains/CLion 2025.1.1/bin/cmake/win/x64/share/cmake-3.31/Modules/FindPackageHandleStandardArgs.cmake",
		"C:/Program Files/JetBrains/CLion 2025.1.1/bin/cmake/win/x64/share/cmake-3.31/Modules/FindPackageMessage.cmake",
		"E:/qt/6.9.0/mingw_64/lib/cmake/Qt6CoreTools/Qt6CoreToolsConfigVersion.cmake",
		"E:/qt/6.9.0/mingw_64/lib/cmake/Qt6CoreTools/Qt6CoreToolsConfigVersionImpl.cmake",
		"E:/qt/6.9.0/mingw_64/lib/cmake/Qt6CoreTools/Qt6CoreToolsConfig.cmake",
		"C:/Program Files/JetBrains/CLion 2025.1.1/bin/cmake/win/x64/share/cmake-3.31/Modules/CMakeFindDependencyMacro.cmake",
		"E:/qt/6.9.0/mingw_64/lib/cmake/Qt6CoreTools/Qt6CoreToolsDependencies.cmake",
		"E:/qt/6.9.0/mingw_64/lib/cmake/Qt6CoreTools/Qt6CoreToolsTargets.cmake",
		"E:/qt/6.9.0/mingw_64/lib/cmake/Qt6CoreTools/Qt6CoreToolsAdditionalTargetInfo.cmake",
		"E:/qt/6.9.0/mingw_64/lib/cmake/Qt6CoreTools/Qt6CoreToolsVersionlessTargets.cmake",
		"E:/qt/6.9.0/mingw_64/lib/cmake/Qt6ZlibPrivate/Qt6ZlibPrivateConfigVersion.cmake",
		"E:/qt/6.9.0/mingw_64/lib/cmake/Qt6ZlibPrivate/Qt6ZlibPrivateConfigVersionImpl.cmake",
		"E:/qt/6.9.0/mingw_64/lib/cmake/Qt6ZlibPrivate/Qt6ZlibPrivateConfig.cmake",
		"C:/Program Files/JetBrains/CLion 2025.1.1/bin/cmake/win/x64/share/cmake-3.31/Modules/CMakeFindDependencyMacro.cmake",
		"E:/qt/6.9.0/mingw_64/lib/cmake/Qt6ZlibPrivate/Qt6ZlibPrivateTargets.cmake",
		"E:/qt/6.9.0/mingw_64/lib/cmake/Qt6ZlibPrivate/Qt6ZlibPrivateAdditionalTargetInfo.cmake",
		"E:/qt/6.9.0/mingw_64/lib/cmake/Qt6ZlibPrivate/Qt6ZlibPrivateVersionlessAliasTargets.cmake",
		"E:/qt/6.9.0/mingw_64/lib/cmake/Qt6EntryPointPrivate/Qt6EntryPointPrivateConfigVersion.cmake",
		"E:/qt/6.9.0/mingw_64/lib/cmake/Qt6EntryPointPrivate/Qt6EntryPointPrivateConfigVersionImpl.cmake",
		"E:/qt/6.9.0/mingw_64/lib/cmake/Qt6EntryPointPrivate/Qt6EntryPointPrivateConfig.cmake",
		"C:/Program Files/JetBrains/CLion 2025.1.1/bin/cmake/win/x64/share/cmake-3.31/Modules/CMakeFindDependencyMacro.cmake",
		"E:/qt/6.9.0/mingw_64/lib/cmake/Qt6EntryPointPrivate/Qt6EntryPointPrivateTargets.cmake",
		"E:/qt/6.9.0/mingw_64/lib/cmake/Qt6EntryPointPrivate/Qt6EntryPointPrivateTargets-relwithdebinfo.cmake",
		"E:/qt/6.9.0/mingw_64/lib/cmake/Qt6EntryPointPrivate/Qt6EntryPointPrivateAdditionalTargetInfo.cmake",
		"E:/qt/6.9.0/mingw_64/lib/cmake/Qt6EntryPointPrivate/Qt6EntryPointMinGW32Target.cmake",
		"E:/qt/6.9.0/mingw_64/lib/cmake/Qt6EntryPointPrivate/Qt6EntryPointPrivateVersionlessAliasTargets.cmake",
		"E:/qt/6.9.0/mingw_64/lib/cmake/Qt6Core/Qt6CoreTargets.cmake",
		"E:/qt/6.9.0/mingw_64/lib/cmake/Qt6Core/Qt6CoreTargets-relwithdebinfo.cmake",
		"E:/qt/6.9.0/mingw_64/lib/cmake/Qt6Core/Qt6CoreAdditionalTargetInfo.cmake",
		"E:/qt/6.9.0/mingw_64/lib/cmake/Qt6CorePrivate/Qt6CorePrivateConfigVersion.cmake",
		"E:/qt/6.9.0/mingw_64/lib/cmake/Qt6CorePrivate/Qt6CorePrivateConfigVersionImpl.cmake",
		"E:/qt/6.9.0/mingw_64/lib/cmake/Qt6CorePrivate/Qt6CorePrivateConfig.cmake",
		"C:/Program Files/JetBrains/CLion 2025.1.1/bin/cmake/win/x64/share/cmake-3.31/Modules/CMakeFindDependencyMacro.cmake",
		"E:/qt/6.9.0/mingw_64/lib/cmake/Qt6CorePrivate/Qt6CorePrivateDependencies.cmake",
		"E:/qt/6.9.0/mingw_64/lib/cmake/Qt6CorePrivate/Qt6CorePrivateTargets.cmake",
		"E:/qt/6.9.0/mingw_64/lib/cmake/Qt6CorePrivate/Qt6CorePrivateAdditionalTargetInfo.cmake",
		"E:/qt/6.9.0/mingw_64/lib/cmake/Qt6CorePrivate/Qt6CorePrivateVersionlessAliasTargets.cmake",
		"E:/qt/6.9.0/mingw_64/lib/cmake/Qt6Core/Qt6CoreMacros.cmake",
		"E:/qt/6.9.0/mingw_64/lib/cmake/Qt6Core/Qt6CoreConfigExtras.cmake",
		"C:/Program Files/JetBrains/CLion 2025.1.1/bin/cmake/win/x64/share/cmake-3.31/Modules/GNUInstallDirs.cmake",
		"E:/qt/6.9.0/mingw_64/lib/cmake/Qt6Core/Qt6CoreVersionlessAliasTargets.cmake",
		"E:/qt/6.9.0/mingw_64/lib/cmake/Qt6Gui/Qt6GuiConfigVersion.cmake",
		"E:/qt/6.9.0/mingw_64/lib/cmake/Qt6Gui/Qt6GuiConfigVersionImpl.cmake",
		"E:/qt/6.9.0/mingw_64/lib/cmake/Qt6Gui/Qt6GuiConfig.cmake",
		"C:/Program Files/JetBrains/CLion 2025.1.1/bin/cmake/win/x64/share/cmake-3.31/Modules/CMakeFindDependencyMacro.cmake",
		"E:/qt/6.9.0/mingw_64/lib/cmake/Qt6Gui/Qt6GuiDependencies.cmake",
		"E:/qt/6.9.0/mingw_64/lib/cmake/Qt6/FindWrapVulkanHeaders.cmake",
		"C:/Program Files/JetBrains/CLion 2025.1.1/bin/cmake/win/x64/share/cmake-3.31/Modules/FindVulkan.cmake",
		"C:/Program Files/JetBrains/CLion 2025.1.1/bin/cmake/win/x64/share/cmake-3.31/Modules/FindPackageHandleStandardArgs.cmake",
		"C:/Program Files/JetBrains/CLion 2025.1.1/bin/cmake/win/x64/share/cmake-3.31/Modules/FindPackageMessage.cmake",
		"C:/Program Files/JetBrains/CLion 2025.1.1/bin/cmake/win/x64/share/cmake-3.31/Modules/FindPackageHandleStandardArgs.cmake",
		"C:/Program Files/JetBrains/CLion 2025.1.1/bin/cmake/win/x64/share/cmake-3.31/Modules/FindPackageMessage.cmake",
		"E:/qt/6.9.0/mingw_64/lib/cmake/Qt6GuiTools/Qt6GuiToolsConfigVersion.cmake",
		"E:/qt/6.9.0/mingw_64/lib/cmake/Qt6GuiTools/Qt6GuiToolsConfigVersionImpl.cmake",
		"E:/qt/6.9.0/mingw_64/lib/cmake/Qt6GuiTools/Qt6GuiToolsConfig.cmake",
		"C:/Program Files/JetBrains/CLion 2025.1.1/bin/cmake/win/x64/share/cmake-3.31/Modules/CMakeFindDependencyMacro.cmake",
		"E:/qt/6.9.0/mingw_64/lib/cmake/Qt6GuiTools/Qt6GuiToolsDependencies.cmake",
		"E:/qt/6.9.0/mingw_64/lib/cmake/Qt6CoreTools/Qt6CoreToolsConfigVersion.cmake",
		"E:/qt/6.9.0/mingw_64/lib/cmake/Qt6CoreTools/Qt6CoreToolsConfigVersionImpl.cmake",
		"E:/qt/6.9.0/mingw_64/lib/cmake/Qt6CoreTools/Qt6CoreToolsConfig.cmake",
		"C:/Program Files/JetBrains/CLion 2025.1.1/bin/cmake/win/x64/share/cmake-3.31/Modules/CMakeFindDependencyMacro.cmake",
		"E:/qt/6.9.0/mingw_64/lib/cmake/Qt6CoreTools/Qt6CoreToolsDependencies.cmake",
		"E:/qt/6.9.0/mingw_64/lib/cmake/Qt6CoreTools/Qt6CoreToolsTargets.cmake",
		"E:/qt/6.9.0/mingw_64/lib/cmake/Qt6CoreTools/Qt6CoreToolsAdditionalTargetInfo.cmake",
		"E:/qt/6.9.0/mingw_64/lib/cmake/Qt6CoreTools/Qt6CoreToolsVersionlessTargets.cmake",
		"E:/qt/6.9.0/mingw_64/lib/cmake/Qt6GuiTools/Qt6GuiToolsTargets.cmake",
		"E:/qt/6.9.0/mingw_64/lib/cmake/Qt6GuiTools/Qt6GuiToolsAdditionalTargetInfo.cmake",
		"E:/qt/6.9.0/mingw_64/lib/cmake/Qt6GuiTools/Qt6GuiToolsVersionlessTargets.cmake",
		"E:/qt/6.9.0/mingw_64/lib/cmake/Qt6Gui/Qt6GuiTargets.cmake",
		"E:/qt/6.9.0/mingw_64/lib/cmake/Qt6Gui/Qt6GuiTargets-relwithdebinfo.cmake",
		"E:/qt/6.9.0/mingw_64/lib/cmake/Qt6Gui/Qt6GuiAdditionalTargetInfo.cmake",
		"E:/qt/6.9.0/mingw_64/lib/cmake/Qt6GuiPrivate/Qt6GuiPrivateConfigVersion.cmake",
		"E:/qt/6.9.0/mingw_64/lib/cmake/Qt6GuiPrivate/Qt6GuiPrivateConfigVersionImpl.cmake",
		"E:/qt/6.9.0/mingw_64/lib/cmake/Qt6GuiPrivate/Qt6GuiPrivateConfig.cmake",
		"C:/Program Files/JetBrains/CLion 2025.1.1/bin/cmake/win/x64/share/cmake-3.31/Modules/CMakeFindDependencyMacro.cmake",
		"E:/qt/6.9.0/mingw_64/lib/cmake/Qt6GuiPrivate/Qt6GuiPrivateDependencies.cmake",
		"E:/qt/6.9.0/mingw_64/lib/cmake/Qt6GuiPrivate/Qt6GuiPrivateTargets.cmake",
		"E:/qt/6.9.0/mingw_64/lib/cmake/Qt6GuiPrivate/Qt6GuiPrivateAdditionalTargetInfo.cmake",
		"E:/qt/6.9.0/mingw_64/lib/cmake/Qt6GuiPrivate/Qt6GuiPrivateVersionlessAliasTargets.cmake",
		"E:/qt/6.9.0/mingw_64/lib/cmake/Qt6Gui/Qt6GuiPlugins.cmake",
		"E:/qt/6.9.0/mingw_64/lib/cmake/Qt6Gui/Qt6QGifPluginConfig.cmake",
		"C:/Program Files/JetBrains/CLion 2025.1.1/bin/cmake/win/x64/share/cmake-3.31/Modules/CMakeFindDependencyMacro.cmake",
		"E:/qt/6.9.0/mingw_64/lib/cmake/Qt6Gui/Qt6QGifPluginTargets.cmake",
		"E:/qt/6.9.0/mingw_64/lib/cmake/Qt6Gui/Qt6QGifPluginTargets-relwithdebinfo.cmake",
		"E:/qt/6.9.0/mingw_64/lib/cmake/Qt6Gui/Qt6QGifPluginAdditionalTargetInfo.cmake",
		"E:/qt/6.9.0/mingw_64/lib/cmake/Qt6Gui/Qt6QICOPluginConfig.cmake",
		"C:/Program Files/JetBrains/CLion 2025.1.1/bin/cmake/win/x64/share/cmake-3.31/Modules/CMakeFindDependencyMacro.cmake",
		"E:/qt/6.9.0/mingw_64/lib/cmake/Qt6Gui/Qt6QICOPluginTargets.cmake",
		"E:/qt/6.9.0/mingw_64/lib/cmake/Qt6Gui/Qt6QICOPluginTargets-relwithdebinfo.cmake",
		"E:/qt/6.9.0/mingw_64/lib/cmake/Qt6Gui/Qt6QICOPluginAdditionalTargetInfo.cmake",
		"E:/qt/6.9.0/mingw_64/lib/cmake/Qt6Gui/Qt6QJpegPluginConfig.cmake",
		"C:/Program Files/JetBrains/CLion 2025.1.1/bin/cmake/win/x64/share/cmake-3.31/Modules/CMakeFindDependencyMacro.cmake",
		"E:/qt/6.9.0/mingw_64/lib/cmake/Qt6Gui/Qt6QJpegPluginTargets.cmake",
		"E:/qt/6.9.0/mingw_64/lib/cmake/Qt6Gui/Qt6QJpegPluginTargets-relwithdebinfo.cmake",
		"E:/qt/6.9.0/mingw_64/lib/cmake/Qt6Gui/Qt6QJpegPluginAdditionalTargetInfo.cmake",
		"E:/qt/6.9.0/mingw_64/lib/cmake/Qt6Gui/Qt6QMinimalIntegrationPluginConfig.cmake",
		"C:/Program Files/JetBrains/CLion 2025.1.1/bin/cmake/win/x64/share/cmake-3.31/Modules/CMakeFindDependencyMacro.cmake",
		"E:/qt/6.9.0/mingw_64/lib/cmake/Qt6Gui/Qt6QMinimalIntegrationPluginTargets.cmake",
		"E:/qt/6.9.0/mingw_64/lib/cmake/Qt6Gui/Qt6QMinimalIntegrationPluginTargets-relwithdebinfo.cmake",
		"E:/qt/6.9.0/mingw_64/lib/cmake/Qt6Gui/Qt6QMinimalIntegrationPluginAdditionalTargetInfo.cmake",
		"E:/qt/6.9.0/mingw_64/lib/cmake/Qt6Gui/Qt6QOffscreenIntegrationPluginConfig.cmake",
		"C:/Program Files/JetBrains/CLion 2025.1.1/bin/cmake/win/x64/share/cmake-3.31/Modules/CMakeFindDependencyMacro.cmake",
		"E:/qt/6.9.0/mingw_64/lib/cmake/Qt6Gui/Qt6QOffscreenIntegrationPluginTargets.cmake",
		"E:/qt/6.9.0/mingw_64/lib/cmake/Qt6Gui/Qt6QOffscreenIntegrationPluginTargets-relwithdebinfo.cmake",
		"E:/qt/6.9.0/mingw_64/lib/cmake/Qt6Gui/Qt6QOffscreenIntegrationPluginAdditionalTargetInfo.cmake",
		"E:/qt/6.9.0/mingw_64/lib/cmake/Qt6Gui/Qt6QSvgIconPluginConfig.cmake",
		"C:/Program Files/JetBrains/CLion 2025.1.1/bin/cmake/win/x64/share/cmake-3.31/Modules/CMakeFindDependencyMacro.cmake",
		"E:/qt/6.9.0/mingw_64/lib/cmake/Qt6Gui/Qt6QSvgIconPluginTargets.cmake",
		"E:/qt/6.9.0/mingw_64/lib/cmake/Qt6Gui/Qt6QSvgIconPluginTargets-relwithdebinfo.cmake",
		"E:/qt/6.9.0/mingw_64/lib/cmake/Qt6Gui/Qt6QSvgIconPluginAdditionalTargetInfo.cmake",
		"E:/qt/6.9.0/mingw_64/lib/cmake/Qt6Gui/Qt6QSvgPluginConfig.cmake",
		"C:/Program Files/JetBrains/CLion 2025.1.1/bin/cmake/win/x64/share/cmake-3.31/Modules/CMakeFindDependencyMacro.cmake",
		"E:/qt/6.9.0/mingw_64/lib/cmake/Qt6Gui/Qt6QSvgPluginTargets.cmake",
		"E:/qt/6.9.0/mingw_64/lib/cmake/Qt6Gui/Qt6QSvgPluginTargets-relwithdebinfo.cmake",
		"E:/qt/6.9.0/mingw_64/lib/cmake/Qt6Gui/Qt6QSvgPluginAdditionalTargetInfo.cmake",
		"E:/qt/6.9.0/mingw_64/lib/cmake/Qt6Gui/Qt6QTuioTouchPluginConfig.cmake",
		"C:/Program Files/JetBrains/CLion 2025.1.1/bin/cmake/win/x64/share/cmake-3.31/Modules/CMakeFindDependencyMacro.cmake",
		"E:/qt/6.9.0/mingw_64/lib/cmake/Qt6Gui/Qt6QTuioTouchPluginTargets.cmake",
		"E:/qt/6.9.0/mingw_64/lib/cmake/Qt6Gui/Qt6QTuioTouchPluginTargets-relwithdebinfo.cmake",
		"E:/qt/6.9.0/mingw_64/lib/cmake/Qt6Gui/Qt6QTuioTouchPluginAdditionalTargetInfo.cmake",
		"E:/qt/6.9.0/mingw_64/lib/cmake/Qt6Gui/Qt6QWindowsDirect2DIntegrationPluginConfig.cmake",
		"C:/Program Files/JetBrains/CLion 2025.1.1/bin/cmake/win/x64/share/cmake-3.31/Modules/CMakeFindDependencyMacro.cmake",
		"E:/qt/6.9.0/mingw_64/lib/cmake/Qt6Gui/Qt6QWindowsDirect2DIntegrationPluginTargets.cmake",
		"E:/qt/6.9.0/mingw_64/lib/cmake/Qt6Gui/Qt6QWindowsDirect2DIntegrationPluginTargets-relwithdebinfo.cmake",
		"E:/qt/6.9.0/mingw_64/lib/cmake/Qt6Gui/Qt6QWindowsDirect2DIntegrationPluginAdditionalTargetInfo.cmake",
		"E:/qt/6.9.0/mingw_64/lib/cmake/Qt6Gui/Qt6QWindowsIntegrationPluginConfig.cmake",
		"C:/Program Files/JetBrains/CLion 2025.1.1/bin/cmake/win/x64/share/cmake-3.31/Modules/CMakeFindDependencyMacro.cmake",
		"E:/qt/6.9.0/mingw_64/lib/cmake/Qt6Gui/Qt6QWindowsIntegrationPluginTargets.cmake",
		"E:/qt/6.9.0/mingw_64/lib/cmake/Qt6Gui/Qt6QWindowsIntegrationPluginTargets-relwithdebinfo.cmake",
		"E:/qt/6.9.0/mingw_64/lib/cmake/Qt6Gui/Qt6QWindowsIntegrationPluginAdditionalTargetInfo.cmake",
		"E:/qt/6.9.0/mingw_64/lib/cmake/Qt6Gui/Qt6GuiVersionlessAliasTargets.cmake",
		"E:/qt/6.9.0/mingw_64/lib/cmake/Qt6Widgets/Qt6WidgetsTargets.cmake",
		"E:/qt/6.9.0/mingw_64/lib/cmake/Qt6Widgets/Qt6WidgetsTargets-relwithdebinfo.cmake",
		"E:/qt/6.9.0/mingw_64/lib/cmake/Qt6Widgets/Qt6WidgetsAdditionalTargetInfo.cmake",
		"E:/qt/6.9.0/mingw_64/lib/cmake/Qt6WidgetsPrivate/Qt6WidgetsPrivateConfigVersion.cmake",
		"E:/qt/6.9.0/mingw_64/lib/cmake/Qt6WidgetsPrivate/Qt6WidgetsPrivateConfigVersionImpl.cmake",
		"E:/qt/6.9.0/mingw_64/lib/cmake/Qt6WidgetsPrivate/Qt6WidgetsPrivateConfig.cmake",
		"C:/Program Files/JetBrains/CLion 2025.1.1/bin/cmake/win/x64/share/cmake-3.31/Modules/CMakeFindDependencyMacro.cmake",
		"E:/qt/6.9.0/mingw_64/lib/cmake/Qt6WidgetsPrivate/Qt6WidgetsPrivateDependencies.cmake",
		"E:/qt/6.9.0/mingw_64/lib/cmake/Qt6WidgetsPrivate/Qt6WidgetsPrivateTargets.cmake",
		"E:/qt/6.9.0/mingw_64/lib/cmake/Qt6WidgetsPrivate/Qt6WidgetsPrivateAdditionalTargetInfo.cmake",
		"E:/qt/6.9.0/mingw_64/lib/cmake/Qt6WidgetsPrivate/Qt6WidgetsPrivateVersionlessAliasTargets.cmake",
		"E:/qt/6.9.0/mingw_64/lib/cmake/Qt6Widgets/Qt6WidgetsMacros.cmake",
		"E:/qt/6.9.0/mingw_64/lib/cmake/Qt6Widgets/Qt6WidgetsPlugins.cmake",
		"E:/qt/6.9.0/mingw_64/lib/cmake/Qt6Widgets/Qt6QModernWindowsStylePluginConfig.cmake",
		"C:/Program Files/JetBrains/CLion 2025.1.1/bin/cmake/win/x64/share/cmake-3.31/Modules/CMakeFindDependencyMacro.cmake",
		"E:/qt/6.9.0/mingw_64/lib/cmake/Qt6Widgets/Qt6QModernWindowsStylePluginTargets.cmake",
		"E:/qt/6.9.0/mingw_64/lib/cmake/Qt6Widgets/Qt6QModernWindowsStylePluginTargets-relwithdebinfo.cmake",
		"E:/qt/6.9.0/mingw_64/lib/cmake/Qt6Widgets/Qt6QModernWindowsStylePluginAdditionalTargetInfo.cmake",
		"E:/qt/6.9.0/mingw_64/lib/cmake/Qt6Widgets/Qt6WidgetsVersionlessAliasTargets.cmake",
		"E:/qt/6.9.0/mingw_64/lib/cmake/Qt6Network/Qt6NetworkConfigVersion.cmake",
		"E:/qt/6.9.0/mingw_64/lib/cmake/Qt6Network/Qt6NetworkConfigVersionImpl.cmake",
		"E:/qt/6.9.0/mingw_64/lib/cmake/Qt6Network/Qt6NetworkConfig.cmake",
		"C:/Program Files/JetBrains/CLion 2025.1.1/bin/cmake/win/x64/share/cmake-3.31/Modules/CMakeFindDependencyMacro.cmake",
		"E:/qt/6.9.0/mingw_64/lib/cmake/Qt6Network/Qt6NetworkDependencies.cmake",
		"E:/qt/6.9.0/mingw_64/lib/cmake/Qt6Network/Qt6NetworkTargets.cmake",
		"E:/qt/6.9.0/mingw_64/lib/cmake/Qt6Network/Qt6NetworkTargets-relwithdebinfo.cmake",
		"E:/qt/6.9.0/mingw_64/lib/cmake/Qt6Network/Qt6NetworkAdditionalTargetInfo.cmake",
		"E:/qt/6.9.0/mingw_64/lib/cmake/Qt6NetworkPrivate/Qt6NetworkPrivateConfigVersion.cmake",
		"E:/qt/6.9.0/mingw_64/lib/cmake/Qt6NetworkPrivate/Qt6NetworkPrivateConfigVersionImpl.cmake",
		"E:/qt/6.9.0/mingw_64/lib/cmake/Qt6NetworkPrivate/Qt6NetworkPrivateConfig.cmake",
		"C:/Program Files/JetBrains/CLion 2025.1.1/bin/cmake/win/x64/share/cmake-3.31/Modules/CMakeFindDependencyMacro.cmake",
		"E:/qt/6.9.0/mingw_64/lib/cmake/Qt6NetworkPrivate/Qt6NetworkPrivateDependencies.cmake",
		"E:/qt/6.9.0/mingw_64/lib/cmake/Qt6NetworkPrivate/Qt6NetworkPrivateTargets.cmake",
		"E:/qt/6.9.0/mingw_64/lib/cmake/Qt6NetworkPrivate/Qt6NetworkPrivateAdditionalTargetInfo.cmake",
		"E:/qt/6.9.0/mingw_64/lib/cmake/Qt6NetworkPrivate/Qt6NetworkPrivateVersionlessAliasTargets.cmake",
		"E:/qt/6.9.0/mingw_64/lib/cmake/Qt6Network/Qt6NetworkPlugins.cmake",
		"E:/qt/6.9.0/mingw_64/lib/cmake/Qt6Network/Qt6QNLMNIPluginConfig.cmake",
		"C:/Program Files/JetBrains/CLion 2025.1.1/bin/cmake/win/x64/share/cmake-3.31/Modules/CMakeFindDependencyMacro.cmake",
		"E:/qt/6.9.0/mingw_64/lib/cmake/Qt6Network/Qt6QNLMNIPluginTargets.cmake",
		"E:/qt/6.9.0/mingw_64/lib/cmake/Qt6Network/Qt6QNLMNIPluginTargets-relwithdebinfo.cmake",
		"E:/qt/6.9.0/mingw_64/lib/cmake/Qt6Network/Qt6QNLMNIPluginAdditionalTargetInfo.cmake",
		"E:/qt/6.9.0/mingw_64/lib/cmake/Qt6Network/Qt6QSchannelBackendPluginConfig.cmake",
		"C:/Program Files/JetBrains/CLion 2025.1.1/bin/cmake/win/x64/share/cmake-3.31/Modules/CMakeFindDependencyMacro.cmake",
		"E:/qt/6.9.0/mingw_64/lib/cmake/Qt6Network/Qt6QSchannelBackendPluginTargets.cmake",
		"E:/qt/6.9.0/mingw_64/lib/cmake/Qt6Network/Qt6QSchannelBackendPluginTargets-relwithdebinfo.cmake",
		"E:/qt/6.9.0/mingw_64/lib/cmake/Qt6Network/Qt6QSchannelBackendPluginAdditionalTargetInfo.cmake",
		"E:/qt/6.9.0/mingw_64/lib/cmake/Qt6Network/Qt6QTlsBackendCertOnlyPluginConfig.cmake",
		"C:/Program Files/JetBrains/CLion 2025.1.1/bin/cmake/win/x64/share/cmake-3.31/Modules/CMakeFindDependencyMacro.cmake",
		"E:/qt/6.9.0/mingw_64/lib/cmake/Qt6Network/Qt6QTlsBackendCertOnlyPluginTargets.cmake",
		"E:/qt/6.9.0/mingw_64/lib/cmake/Qt6Network/Qt6QTlsBackendCertOnlyPluginTargets-relwithdebinfo.cmake",
		"E:/qt/6.9.0/mingw_64/lib/cmake/Qt6Network/Qt6QTlsBackendCertOnlyPluginAdditionalTargetInfo.cmake",
		"E:/qt/6.9.0/mingw_64/lib/cmake/Qt6Network/Qt6QTlsBackendOpenSSLPluginConfig.cmake",
		"C:/Program Files/JetBrains/CLion 2025.1.1/bin/cmake/win/x64/share/cmake-3.31/Modules/CMakeFindDependencyMacro.cmake",
		"E:/qt/6.9.0/mingw_64/lib/cmake/Qt6Network/Qt6QTlsBackendOpenSSLPluginTargets.cmake",
		"E:/qt/6.9.0/mingw_64/lib/cmake/Qt6Network/Qt6QTlsBackendOpenSSLPluginTargets-relwithdebinfo.cmake",
		"E:/qt/6.9.0/mingw_64/lib/cmake/Qt6Network/Qt6QTlsBackendOpenSSLPluginAdditionalTargetInfo.cmake",
		"E:/qt/6.9.0/mingw_64/lib/cmake/Qt6Network/Qt6NetworkVersionlessAliasTargets.cmake"
	],
	"CMAKE_SOURCE_DIR" : "C:/Users/Lenovo/Desktop/weatherForecast",
	"CROSS_CONFIG" : false,
	"DEP_FILE" : "C:/Users/Lenovo/Desktop/weatherForecast/cmake-build-debug/weather_gui_autogen/deps",
	"DEP_FILE_RULE_NAME" : "weather_gui_autogen/timestamp",
	"HEADERS" : 
	[
		[
			"C:/Users/Lenovo/Desktop/weatherForecast/gui/mainwindow.h",
			"MU",
			"DMHXEJ42XS/moc_mainwindow.cpp",
			null
		],
		[
			"C:/Users/Lenovo/Desktop/weatherForecast/utils/base_config.h",
			"MU",
			"7HEHEGDA3T/moc_base_config.cpp",
			null
		],
		[
			"C:/Users/Lenovo/Desktop/weatherForecast/utils/config_key.h",
			"MU",
			"7HEHEGDA3T/moc_config_key.cpp",
			null
		],
		[
			"C:/Users/Lenovo/Desktop/weatherForecast/utils/config_loader.h",
			"MU",
			"7HEHEGDA3T/moc_config_loader.cpp",
			null
		],
		[
			"C:/Users/Lenovo/Desktop/weatherForecast/utils/config_user.h",
			"MU",
			"7HEHEGDA3T/moc_config_user.cpp",
			null
		],
		[
			"C:/Users/Lenovo/Desktop/weatherForecast/utils/ip_locator.h",
			"MU",
			"7HEHEGDA3T/moc_ip_locator.cpp",
			null
		],
		[
			"C:/Users/Lenovo/Desktop/weatherForecast/weather_core/weather_manager.h",
			"MU",
			"TMPCYFVWAR/moc_weather_manager.cpp",
			null
		]
	],
	"HEADER_EXTENSIONS" : [ "h", "hh", "h++", "hm", "hpp", "hxx", "in", "txx" ],
	"INCLUDE_DIR" : "C:/Users/Lenovo/Desktop/weatherForecast/cmake-build-debug/weather_gui_autogen/include",
	"MOC_COMPILATION_FILE" : "C:/Users/Lenovo/Desktop/weatherForecast/cmake-build-debug/weather_gui_autogen/mocs_compilation.cpp",
	"MOC_DEFINITIONS" : 
	[
		"MINGW_HAS_SECURE_API=1",
		"QT_CORE_LIB",
		"QT_GUI_LIB",
		"QT_NETWORK_LIB",
		"QT_WIDGETS_LIB",
		"UNICODE",
		"WIN32",
		"WIN64",
		"_ENABLE_EXTENDED_ALIGNED_STORAGE",
		"_UNICODE",
		"_WIN64"
	],
	"MOC_DEPEND_FILTERS" : 
	[
		[
			"Q_PLUGIN_METADATA",
			"[\n][ \t]*Q_PLUGIN_METADATA[ \t]*\\([^\\)]*FILE[ \t]*\"([^\"]+)\""
		]
	],
	"MOC_INCLUDES" : 
	[
		"F:/CPlusDependences/LibCurl/V8/include",
		"C:/Users/Lenovo/Desktop/weatherForecast/weather_core",
		"C:/Users/Lenovo/Desktop/weatherForecast/gui",
		"C:/Users/Lenovo/Desktop/weatherForecast/utils",
		"C:/Users/Lenovo/Desktop/weatherForecast/cli",
		"C:/Users/Lenovo/Desktop/weatherForecast/cli/i18n",
		"E:/qt/6.9.0/mingw_64/include/QtWidgets",
		"E:/qt/6.9.0/mingw_64/include",
		"E:/qt/6.9.0/mingw_64/include/QtCore",
		"E:/qt/6.9.0/mingw_64/mkspecs/win32-g++",
		"E:/qt/6.9.0/mingw_64/include/QtGui",
		"E:/qt/6.9.0/mingw_64/include/QtNetwork",
		"C:/Program Files/JetBrains/CLion 2025.1.1/bin/mingw/lib/gcc/x86_64-w64-mingw32/13.1.0/include/c++",
		"C:/Program Files/JetBrains/CLion 2025.1.1/bin/mingw/lib/gcc/x86_64-w64-mingw32/13.1.0/include/c++/x86_64-w64-mingw32",
		"C:/Program Files/JetBrains/CLion 2025.1.1/bin/mingw/lib/gcc/x86_64-w64-mingw32/13.1.0/include/c++/backward",
		"C:/Program Files/JetBrains/CLion 2025.1.1/bin/mingw/lib/gcc/x86_64-w64-mingw32/13.1.0/include",
		"C:/Program Files/JetBrains/CLion 2025.1.1/bin/mingw/include",
		"C:/Program Files/JetBrains/CLion 2025.1.1/bin/mingw/lib/gcc/x86_64-w64-mingw32/13.1.0/include-fixed",
		"C:/Program Files/JetBrains/CLion 2025.1.1/bin/mingw/x86_64-w64-mingw32/include"
	],
	"MOC_MACRO_NAMES" : 
	[
		"Q_OBJECT",
		"Q_GADGET",
		"Q_NAMESPACE",
		"Q_NAMESPACE_EXPORT",
		"Q_GADGET_EXPORT",
		"Q_ENUM_NS"
	],
	"MOC_OPTIONS" : [],
	"MOC_PATH_PREFIX" : false,
	"MOC_PREDEFS_CMD" : 
	[
		"C:/Program Files/JetBrains/CLion 2025.1.1/bin/mingw/bin/g++.exe",
		"-std=gnu++20",
		"-dM",
		"-E",
		"-c",
		"C:/Program Files/JetBrains/CLion 2025.1.1/bin/cmake/win/x64/share/cmake-3.31/Modules/CMakeCXXCompilerABI.cpp"
	],
	"MOC_PREDEFS_FILE" : "C:/Users/Lenovo/Desktop/weatherForecast/cmake-build-debug/weather_gui_autogen/moc_predefs.h",
	"MOC_RELAXED_MODE" : false,
	"MOC_SKIP" : 
	[
		"C:/Users/Lenovo/Desktop/weatherForecast/cmake-build-debug/weather_cli_autogen/include/gui/ui_mainwindow.h",
		"C:/Users/Lenovo/Desktop/weatherForecast/cmake-build-debug/weather_cli_autogen/mocs_compilation.cpp"
	],
	"MULTI_CONFIG" : false,
	"PARALLEL" : 20,
	"PARSE_CACHE_FILE" : "C:/Users/Lenovo/Desktop/weatherForecast/cmake-build-debug/CMakeFiles/weather_gui_autogen.dir/ParseCache.txt",
	"QT_MOC_EXECUTABLE" : "E:/qt/6.9.0/mingw_64/bin/moc.exe",
	"QT_UIC_EXECUTABLE" : "E:/qt/6.9.0/mingw_64/bin/uic.exe",
	"QT_VERSION_MAJOR" : 6,
	"QT_VERSION_MINOR" : 9,
	"SETTINGS_FILE" : "C:/Users/Lenovo/Desktop/weatherForecast/cmake-build-debug/CMakeFiles/weather_gui_autogen.dir/AutogenUsed.txt",
	"SOURCES" : 
	[
		[
			"C:/Users/Lenovo/Desktop/weatherForecast/gui/mainwindow.cpp",
			"MU",
			null
		],
		[ "C:/Users/Lenovo/Desktop/weatherForecast/main_gui.cpp", "MU", null ],
		[
			"C:/Users/Lenovo/Desktop/weatherForecast/utils/base_config.cpp",
			"MU",
			null
		],
		[
			"C:/Users/Lenovo/Desktop/weatherForecast/utils/config_key.cpp",
			"MU",
			null
		],
		[
			"C:/Users/Lenovo/Desktop/weatherForecast/utils/config_loader.cpp",
			"MU",
			null
		],
		[
			"C:/Users/Lenovo/Desktop/weatherForecast/utils/config_user.cpp",
			"MU",
			null
		],
		[
			"C:/Users/Lenovo/Desktop/weatherForecast/utils/ip_locator.cpp",
			"MU",
			null
		],
		[
			"C:/Users/Lenovo/Desktop/weatherForecast/weather_core/weather_manager.cpp",
			"MU",
			null
		]
	],
	"UIC_OPTIONS" : [],
	"UIC_SEARCH_PATHS" : [],
	"UIC_SKIP" : 
	[
		"C:/Users/Lenovo/Desktop/weatherForecast/cmake-build-debug/weather_cli_autogen/include/gui/ui_mainwindow.h",
		"C:/Users/Lenovo/Desktop/weatherForecast/cmake-build-debug/weather_cli_autogen/mocs_compilation.cpp"
	],
	"UIC_UI_FILES" : [],
	"USE_BETTER_GRAPH" : true,
	"VERBOSITY" : 0
}
