{
	"AUTOGEN_COMMAND_LINE_LENGTH_MAX" : 32000,
	"BUILD_DIR" : "C:/Users/Lenovo/Desktop/weatherForecast/cmake-build-debug/_deps/curl-build/lib/libcurl_autogen",
	"CMAKE_BINARY_DIR" : "C:/Users/Lenovo/Desktop/weatherForecast/cmake-build-debug",
	"CMAKE_CURRENT_BINARY_DIR" : "C:/Users/Lenovo/Desktop/weatherForecast/cmake-build-debug/_deps/curl-build/lib",
	"CMAKE_CURRENT_SOURCE_DIR" : "C:/Users/Lenovo/Desktop/weatherForecast/cmake-build-debug/_deps/curl-src/lib",
	"CMAKE_EXECUTABLE" : "C:/Program Files/JetBrains/CLion 2025.1.1/bin/cmake/win/x64/bin/cmake.exe",
	"CMAKE_LIST_FILES" : 
	[
		"C:/Users/Lenovo/Desktop/weatherForecast/cmake-build-debug/_deps/curl-src/lib/CMakeLists.txt",
		"C:/Users/Lenovo/Desktop/weatherForecast/cmake-build-debug/_deps/curl-src/lib/curl_config.h.cmake",
		"C:/Users/Lenovo/Desktop/weatherForecast/cmake-build-debug/_deps/curl-build/lib/Makefile.inc.cmake",
		"C:/Users/Lenovo/Desktop/weatherForecast/cmake-build-debug/_deps/curl-src/lib/Makefile.inc"
	],
	"CMAKE_SOURCE_DIR" : "C:/Users/Lenovo/Desktop/weatherForecast",
	"CROSS_CONFIG" : false,
	"DEP_FILE" : "C:/Users/Lenovo/Desktop/weatherForecast/cmake-build-debug/_deps/curl-build/lib/libcurl_autogen/deps",
	"DEP_FILE_RULE_NAME" : "libcurl_autogen/timestamp",
	"HEADERS" : 
	[
		[
			"C:/Users/Lenovo/Desktop/weatherForecast/cmake-build-debug/_deps/curl-build/lib/curl_config.h",
			"MU",
			"EJRQKI7XPS/moc_curl_config.cpp",
			null
		],
		[
			"C:/Users/Lenovo/Desktop/weatherForecast/cmake-build-debug/_deps/curl-src/lib/altsvc.h",
			"MU",
			"EWIEGA46WW/moc_altsvc.cpp",
			null
		],
		[
			"C:/Users/Lenovo/Desktop/weatherForecast/cmake-build-debug/_deps/curl-src/lib/amigaos.h",
			"MU",
			"EWIEGA46WW/moc_amigaos.cpp",
			null
		],
		[
			"C:/Users/Lenovo/Desktop/weatherForecast/cmake-build-debug/_deps/curl-src/lib/arpa_telnet.h",
			"MU",
			"EWIEGA46WW/moc_arpa_telnet.cpp",
			null
		],
		[
			"C:/Users/Lenovo/Desktop/weatherForecast/cmake-build-debug/_deps/curl-src/lib/asyn.h",
			"MU",
			"EWIEGA46WW/moc_asyn.cpp",
			null
		],
		[
			"C:/Users/Lenovo/Desktop/weatherForecast/cmake-build-debug/_deps/curl-src/lib/bufref.h",
			"MU",
			"EWIEGA46WW/moc_bufref.cpp",
			null
		],
		[
			"C:/Users/Lenovo/Desktop/weatherForecast/cmake-build-debug/_deps/curl-src/lib/c-hyper.h",
			"MU",
			"EWIEGA46WW/moc_c-hyper.cpp",
			null
		],
		[
			"C:/Users/Lenovo/Desktop/weatherForecast/cmake-build-debug/_deps/curl-src/lib/conncache.h",
			"MU",
			"EWIEGA46WW/moc_conncache.cpp",
			null
		],
		[
			"C:/Users/Lenovo/Desktop/weatherForecast/cmake-build-debug/_deps/curl-src/lib/connect.h",
			"MU",
			"EWIEGA46WW/moc_connect.cpp",
			null
		],
		[
			"C:/Users/Lenovo/Desktop/weatherForecast/cmake-build-debug/_deps/curl-src/lib/content_encoding.h",
			"MU",
			"EWIEGA46WW/moc_content_encoding.cpp",
			null
		],
		[
			"C:/Users/Lenovo/Desktop/weatherForecast/cmake-build-debug/_deps/curl-src/lib/cookie.h",
			"MU",
			"EWIEGA46WW/moc_cookie.cpp",
			null
		],
		[
			"C:/Users/Lenovo/Desktop/weatherForecast/cmake-build-debug/_deps/curl-src/lib/curl_addrinfo.h",
			"MU",
			"EWIEGA46WW/moc_curl_addrinfo.cpp",
			null
		],
		[
			"C:/Users/Lenovo/Desktop/weatherForecast/cmake-build-debug/_deps/curl-src/lib/curl_base64.h",
			"MU",
			"EWIEGA46WW/moc_curl_base64.cpp",
			null
		],
		[
			"C:/Users/Lenovo/Desktop/weatherForecast/cmake-build-debug/_deps/curl-src/lib/curl_ctype.h",
			"MU",
			"EWIEGA46WW/moc_curl_ctype.cpp",
			null
		],
		[
			"C:/Users/Lenovo/Desktop/weatherForecast/cmake-build-debug/_deps/curl-src/lib/curl_des.h",
			"MU",
			"EWIEGA46WW/moc_curl_des.cpp",
			null
		],
		[
			"C:/Users/Lenovo/Desktop/weatherForecast/cmake-build-debug/_deps/curl-src/lib/curl_endian.h",
			"MU",
			"EWIEGA46WW/moc_curl_endian.cpp",
			null
		],
		[
			"C:/Users/Lenovo/Desktop/weatherForecast/cmake-build-debug/_deps/curl-src/lib/curl_fnmatch.h",
			"MU",
			"EWIEGA46WW/moc_curl_fnmatch.cpp",
			null
		],
		[
			"C:/Users/Lenovo/Desktop/weatherForecast/cmake-build-debug/_deps/curl-src/lib/curl_get_line.h",
			"MU",
			"EWIEGA46WW/moc_curl_get_line.cpp",
			null
		],
		[
			"C:/Users/Lenovo/Desktop/weatherForecast/cmake-build-debug/_deps/curl-src/lib/curl_gethostname.h",
			"MU",
			"EWIEGA46WW/moc_curl_gethostname.cpp",
			null
		],
		[
			"C:/Users/Lenovo/Desktop/weatherForecast/cmake-build-debug/_deps/curl-src/lib/curl_gssapi.h",
			"MU",
			"EWIEGA46WW/moc_curl_gssapi.cpp",
			null
		],
		[
			"C:/Users/Lenovo/Desktop/weatherForecast/cmake-build-debug/_deps/curl-src/lib/curl_hmac.h",
			"MU",
			"EWIEGA46WW/moc_curl_hmac.cpp",
			null
		],
		[
			"C:/Users/Lenovo/Desktop/weatherForecast/cmake-build-debug/_deps/curl-src/lib/curl_krb5.h",
			"MU",
			"EWIEGA46WW/moc_curl_krb5.cpp",
			null
		],
		[
			"C:/Users/Lenovo/Desktop/weatherForecast/cmake-build-debug/_deps/curl-src/lib/curl_ldap.h",
			"MU",
			"EWIEGA46WW/moc_curl_ldap.cpp",
			null
		],
		[
			"C:/Users/Lenovo/Desktop/weatherForecast/cmake-build-debug/_deps/curl-src/lib/curl_md4.h",
			"MU",
			"EWIEGA46WW/moc_curl_md4.cpp",
			null
		],
		[
			"C:/Users/Lenovo/Desktop/weatherForecast/cmake-build-debug/_deps/curl-src/lib/curl_md5.h",
			"MU",
			"EWIEGA46WW/moc_curl_md5.cpp",
			null
		],
		[
			"C:/Users/Lenovo/Desktop/weatherForecast/cmake-build-debug/_deps/curl-src/lib/curl_memory.h",
			"MU",
			"EWIEGA46WW/moc_curl_memory.cpp",
			null
		],
		[
			"C:/Users/Lenovo/Desktop/weatherForecast/cmake-build-debug/_deps/curl-src/lib/curl_memrchr.h",
			"MU",
			"EWIEGA46WW/moc_curl_memrchr.cpp",
			null
		],
		[
			"C:/Users/Lenovo/Desktop/weatherForecast/cmake-build-debug/_deps/curl-src/lib/curl_multibyte.h",
			"MU",
			"EWIEGA46WW/moc_curl_multibyte.cpp",
			null
		],
		[
			"C:/Users/Lenovo/Desktop/weatherForecast/cmake-build-debug/_deps/curl-src/lib/curl_ntlm_core.h",
			"MU",
			"EWIEGA46WW/moc_curl_ntlm_core.cpp",
			null
		],
		[
			"C:/Users/Lenovo/Desktop/weatherForecast/cmake-build-debug/_deps/curl-src/lib/curl_ntlm_wb.h",
			"MU",
			"EWIEGA46WW/moc_curl_ntlm_wb.cpp",
			null
		],
		[
			"C:/Users/Lenovo/Desktop/weatherForecast/cmake-build-debug/_deps/curl-src/lib/curl_path.h",
			"MU",
			"EWIEGA46WW/moc_curl_path.cpp",
			null
		],
		[
			"C:/Users/Lenovo/Desktop/weatherForecast/cmake-build-debug/_deps/curl-src/lib/curl_printf.h",
			"MU",
			"EWIEGA46WW/moc_curl_printf.cpp",
			null
		],
		[
			"C:/Users/Lenovo/Desktop/weatherForecast/cmake-build-debug/_deps/curl-src/lib/curl_range.h",
			"MU",
			"EWIEGA46WW/moc_curl_range.cpp",
			null
		],
		[
			"C:/Users/Lenovo/Desktop/weatherForecast/cmake-build-debug/_deps/curl-src/lib/curl_rtmp.h",
			"MU",
			"EWIEGA46WW/moc_curl_rtmp.cpp",
			null
		],
		[
			"C:/Users/Lenovo/Desktop/weatherForecast/cmake-build-debug/_deps/curl-src/lib/curl_sasl.h",
			"MU",
			"EWIEGA46WW/moc_curl_sasl.cpp",
			null
		],
		[
			"C:/Users/Lenovo/Desktop/weatherForecast/cmake-build-debug/_deps/curl-src/lib/curl_setup.h",
			"MU",
			"EWIEGA46WW/moc_curl_setup.cpp",
			null
		],
		[
			"C:/Users/Lenovo/Desktop/weatherForecast/cmake-build-debug/_deps/curl-src/lib/curl_setup_once.h",
			"MU",
			"EWIEGA46WW/moc_curl_setup_once.cpp",
			null
		],
		[
			"C:/Users/Lenovo/Desktop/weatherForecast/cmake-build-debug/_deps/curl-src/lib/curl_sha256.h",
			"MU",
			"EWIEGA46WW/moc_curl_sha256.cpp",
			null
		],
		[
			"C:/Users/Lenovo/Desktop/weatherForecast/cmake-build-debug/_deps/curl-src/lib/curl_sspi.h",
			"MU",
			"EWIEGA46WW/moc_curl_sspi.cpp",
			null
		],
		[
			"C:/Users/Lenovo/Desktop/weatherForecast/cmake-build-debug/_deps/curl-src/lib/curl_threads.h",
			"MU",
			"EWIEGA46WW/moc_curl_threads.cpp",
			null
		],
		[
			"C:/Users/Lenovo/Desktop/weatherForecast/cmake-build-debug/_deps/curl-src/lib/curlx.h",
			"MU",
			"EWIEGA46WW/moc_curlx.cpp",
			null
		],
		[
			"C:/Users/Lenovo/Desktop/weatherForecast/cmake-build-debug/_deps/curl-src/lib/dict.h",
			"MU",
			"EWIEGA46WW/moc_dict.cpp",
			null
		],
		[
			"C:/Users/Lenovo/Desktop/weatherForecast/cmake-build-debug/_deps/curl-src/lib/doh.h",
			"MU",
			"EWIEGA46WW/moc_doh.cpp",
			null
		],
		[
			"C:/Users/Lenovo/Desktop/weatherForecast/cmake-build-debug/_deps/curl-src/lib/dotdot.h",
			"MU",
			"EWIEGA46WW/moc_dotdot.cpp",
			null
		],
		[
			"C:/Users/Lenovo/Desktop/weatherForecast/cmake-build-debug/_deps/curl-src/lib/dynbuf.h",
			"MU",
			"EWIEGA46WW/moc_dynbuf.cpp",
			null
		],
		[
			"C:/Users/Lenovo/Desktop/weatherForecast/cmake-build-debug/_deps/curl-src/lib/easyif.h",
			"MU",
			"EWIEGA46WW/moc_easyif.cpp",
			null
		],
		[
			"C:/Users/Lenovo/Desktop/weatherForecast/cmake-build-debug/_deps/curl-src/lib/easyoptions.h",
			"MU",
			"EWIEGA46WW/moc_easyoptions.cpp",
			null
		],
		[
			"C:/Users/Lenovo/Desktop/weatherForecast/cmake-build-debug/_deps/curl-src/lib/escape.h",
			"MU",
			"EWIEGA46WW/moc_escape.cpp",
			null
		],
		[
			"C:/Users/Lenovo/Desktop/weatherForecast/cmake-build-debug/_deps/curl-src/lib/file.h",
			"MU",
			"EWIEGA46WW/moc_file.cpp",
			null
		],
		[
			"C:/Users/Lenovo/Desktop/weatherForecast/cmake-build-debug/_deps/curl-src/lib/fileinfo.h",
			"MU",
			"EWIEGA46WW/moc_fileinfo.cpp",
			null
		],
		[
			"C:/Users/Lenovo/Desktop/weatherForecast/cmake-build-debug/_deps/curl-src/lib/formdata.h",
			"MU",
			"EWIEGA46WW/moc_formdata.cpp",
			null
		],
		[
			"C:/Users/Lenovo/Desktop/weatherForecast/cmake-build-debug/_deps/curl-src/lib/ftp.h",
			"MU",
			"EWIEGA46WW/moc_ftp.cpp",
			null
		],
		[
			"C:/Users/Lenovo/Desktop/weatherForecast/cmake-build-debug/_deps/curl-src/lib/ftplistparser.h",
			"MU",
			"EWIEGA46WW/moc_ftplistparser.cpp",
			null
		],
		[
			"C:/Users/Lenovo/Desktop/weatherForecast/cmake-build-debug/_deps/curl-src/lib/getinfo.h",
			"MU",
			"EWIEGA46WW/moc_getinfo.cpp",
			null
		],
		[
			"C:/Users/Lenovo/Desktop/weatherForecast/cmake-build-debug/_deps/curl-src/lib/gopher.h",
			"MU",
			"EWIEGA46WW/moc_gopher.cpp",
			null
		],
		[
			"C:/Users/Lenovo/Desktop/weatherForecast/cmake-build-debug/_deps/curl-src/lib/hash.h",
			"MU",
			"EWIEGA46WW/moc_hash.cpp",
			null
		],
		[
			"C:/Users/Lenovo/Desktop/weatherForecast/cmake-build-debug/_deps/curl-src/lib/hostcheck.h",
			"MU",
			"EWIEGA46WW/moc_hostcheck.cpp",
			null
		],
		[
			"C:/Users/Lenovo/Desktop/weatherForecast/cmake-build-debug/_deps/curl-src/lib/hostip.h",
			"MU",
			"EWIEGA46WW/moc_hostip.cpp",
			null
		],
		[
			"C:/Users/Lenovo/Desktop/weatherForecast/cmake-build-debug/_deps/curl-src/lib/hsts.h",
			"MU",
			"EWIEGA46WW/moc_hsts.cpp",
			null
		],
		[
			"C:/Users/Lenovo/Desktop/weatherForecast/cmake-build-debug/_deps/curl-src/lib/http.h",
			"MU",
			"EWIEGA46WW/moc_http.cpp",
			null
		],
		[
			"C:/Users/Lenovo/Desktop/weatherForecast/cmake-build-debug/_deps/curl-src/lib/http2.h",
			"MU",
			"EWIEGA46WW/moc_http2.cpp",
			null
		],
		[
			"C:/Users/Lenovo/Desktop/weatherForecast/cmake-build-debug/_deps/curl-src/lib/http_aws_sigv4.h",
			"MU",
			"EWIEGA46WW/moc_http_aws_sigv4.cpp",
			null
		],
		[
			"C:/Users/Lenovo/Desktop/weatherForecast/cmake-build-debug/_deps/curl-src/lib/http_chunks.h",
			"MU",
			"EWIEGA46WW/moc_http_chunks.cpp",
			null
		],
		[
			"C:/Users/Lenovo/Desktop/weatherForecast/cmake-build-debug/_deps/curl-src/lib/http_digest.h",
			"MU",
			"EWIEGA46WW/moc_http_digest.cpp",
			null
		],
		[
			"C:/Users/Lenovo/Desktop/weatherForecast/cmake-build-debug/_deps/curl-src/lib/http_negotiate.h",
			"MU",
			"EWIEGA46WW/moc_http_negotiate.cpp",
			null
		],
		[
			"C:/Users/Lenovo/Desktop/weatherForecast/cmake-build-debug/_deps/curl-src/lib/http_ntlm.h",
			"MU",
			"EWIEGA46WW/moc_http_ntlm.cpp",
			null
		],
		[
			"C:/Users/Lenovo/Desktop/weatherForecast/cmake-build-debug/_deps/curl-src/lib/http_proxy.h",
			"MU",
			"EWIEGA46WW/moc_http_proxy.cpp",
			null
		],
		[
			"C:/Users/Lenovo/Desktop/weatherForecast/cmake-build-debug/_deps/curl-src/lib/if2ip.h",
			"MU",
			"EWIEGA46WW/moc_if2ip.cpp",
			null
		],
		[
			"C:/Users/Lenovo/Desktop/weatherForecast/cmake-build-debug/_deps/curl-src/lib/imap.h",
			"MU",
			"EWIEGA46WW/moc_imap.cpp",
			null
		],
		[
			"C:/Users/Lenovo/Desktop/weatherForecast/cmake-build-debug/_deps/curl-src/lib/inet_ntop.h",
			"MU",
			"EWIEGA46WW/moc_inet_ntop.cpp",
			null
		],
		[
			"C:/Users/Lenovo/Desktop/weatherForecast/cmake-build-debug/_deps/curl-src/lib/inet_pton.h",
			"MU",
			"EWIEGA46WW/moc_inet_pton.cpp",
			null
		],
		[
			"C:/Users/Lenovo/Desktop/weatherForecast/cmake-build-debug/_deps/curl-src/lib/llist.h",
			"MU",
			"EWIEGA46WW/moc_llist.cpp",
			null
		],
		[
			"C:/Users/Lenovo/Desktop/weatherForecast/cmake-build-debug/_deps/curl-src/lib/memdebug.h",
			"MU",
			"EWIEGA46WW/moc_memdebug.cpp",
			null
		],
		[
			"C:/Users/Lenovo/Desktop/weatherForecast/cmake-build-debug/_deps/curl-src/lib/mime.h",
			"MU",
			"EWIEGA46WW/moc_mime.cpp",
			null
		],
		[
			"C:/Users/Lenovo/Desktop/weatherForecast/cmake-build-debug/_deps/curl-src/lib/mqtt.h",
			"MU",
			"EWIEGA46WW/moc_mqtt.cpp",
			null
		],
		[
			"C:/Users/Lenovo/Desktop/weatherForecast/cmake-build-debug/_deps/curl-src/lib/multihandle.h",
			"MU",
			"EWIEGA46WW/moc_multihandle.cpp",
			null
		],
		[
			"C:/Users/Lenovo/Desktop/weatherForecast/cmake-build-debug/_deps/curl-src/lib/multiif.h",
			"MU",
			"EWIEGA46WW/moc_multiif.cpp",
			null
		],
		[
			"C:/Users/Lenovo/Desktop/weatherForecast/cmake-build-debug/_deps/curl-src/lib/netrc.h",
			"MU",
			"EWIEGA46WW/moc_netrc.cpp",
			null
		],
		[
			"C:/Users/Lenovo/Desktop/weatherForecast/cmake-build-debug/_deps/curl-src/lib/non-ascii.h",
			"MU",
			"EWIEGA46WW/moc_non-ascii.cpp",
			null
		],
		[
			"C:/Users/Lenovo/Desktop/weatherForecast/cmake-build-debug/_deps/curl-src/lib/nonblock.h",
			"MU",
			"EWIEGA46WW/moc_nonblock.cpp",
			null
		],
		[
			"C:/Users/Lenovo/Desktop/weatherForecast/cmake-build-debug/_deps/curl-src/lib/parsedate.h",
			"MU",
			"EWIEGA46WW/moc_parsedate.cpp",
			null
		],
		[
			"C:/Users/Lenovo/Desktop/weatherForecast/cmake-build-debug/_deps/curl-src/lib/pingpong.h",
			"MU",
			"EWIEGA46WW/moc_pingpong.cpp",
			null
		],
		[
			"C:/Users/Lenovo/Desktop/weatherForecast/cmake-build-debug/_deps/curl-src/lib/pop3.h",
			"MU",
			"EWIEGA46WW/moc_pop3.cpp",
			null
		],
		[
			"C:/Users/Lenovo/Desktop/weatherForecast/cmake-build-debug/_deps/curl-src/lib/progress.h",
			"MU",
			"EWIEGA46WW/moc_progress.cpp",
			null
		],
		[
			"C:/Users/Lenovo/Desktop/weatherForecast/cmake-build-debug/_deps/curl-src/lib/psl.h",
			"MU",
			"EWIEGA46WW/moc_psl.cpp",
			null
		],
		[
			"C:/Users/Lenovo/Desktop/weatherForecast/cmake-build-debug/_deps/curl-src/lib/quic.h",
			"MU",
			"EWIEGA46WW/moc_quic.cpp",
			null
		],
		[
			"C:/Users/Lenovo/Desktop/weatherForecast/cmake-build-debug/_deps/curl-src/lib/rand.h",
			"MU",
			"EWIEGA46WW/moc_rand.cpp",
			null
		],
		[
			"C:/Users/Lenovo/Desktop/weatherForecast/cmake-build-debug/_deps/curl-src/lib/rename.h",
			"MU",
			"EWIEGA46WW/moc_rename.cpp",
			null
		],
		[
			"C:/Users/Lenovo/Desktop/weatherForecast/cmake-build-debug/_deps/curl-src/lib/rtsp.h",
			"MU",
			"EWIEGA46WW/moc_rtsp.cpp",
			null
		],
		[
			"C:/Users/Lenovo/Desktop/weatherForecast/cmake-build-debug/_deps/curl-src/lib/select.h",
			"MU",
			"EWIEGA46WW/moc_select.cpp",
			null
		],
		[
			"C:/Users/Lenovo/Desktop/weatherForecast/cmake-build-debug/_deps/curl-src/lib/sendf.h",
			"MU",
			"EWIEGA46WW/moc_sendf.cpp",
			null
		],
		[
			"C:/Users/Lenovo/Desktop/weatherForecast/cmake-build-debug/_deps/curl-src/lib/setopt.h",
			"MU",
			"EWIEGA46WW/moc_setopt.cpp",
			null
		],
		[
			"C:/Users/Lenovo/Desktop/weatherForecast/cmake-build-debug/_deps/curl-src/lib/setup-vms.h",
			"MU",
			"EWIEGA46WW/moc_setup-vms.cpp",
			null
		],
		[
			"C:/Users/Lenovo/Desktop/weatherForecast/cmake-build-debug/_deps/curl-src/lib/share.h",
			"MU",
			"EWIEGA46WW/moc_share.cpp",
			null
		],
		[
			"C:/Users/Lenovo/Desktop/weatherForecast/cmake-build-debug/_deps/curl-src/lib/sigpipe.h",
			"MU",
			"EWIEGA46WW/moc_sigpipe.cpp",
			null
		],
		[
			"C:/Users/Lenovo/Desktop/weatherForecast/cmake-build-debug/_deps/curl-src/lib/slist.h",
			"MU",
			"EWIEGA46WW/moc_slist.cpp",
			null
		],
		[
			"C:/Users/Lenovo/Desktop/weatherForecast/cmake-build-debug/_deps/curl-src/lib/smb.h",
			"MU",
			"EWIEGA46WW/moc_smb.cpp",
			null
		],
		[
			"C:/Users/Lenovo/Desktop/weatherForecast/cmake-build-debug/_deps/curl-src/lib/smtp.h",
			"MU",
			"EWIEGA46WW/moc_smtp.cpp",
			null
		],
		[
			"C:/Users/Lenovo/Desktop/weatherForecast/cmake-build-debug/_deps/curl-src/lib/sockaddr.h",
			"MU",
			"EWIEGA46WW/moc_sockaddr.cpp",
			null
		],
		[
			"C:/Users/Lenovo/Desktop/weatherForecast/cmake-build-debug/_deps/curl-src/lib/socketpair.h",
			"MU",
			"EWIEGA46WW/moc_socketpair.cpp",
			null
		],
		[
			"C:/Users/Lenovo/Desktop/weatherForecast/cmake-build-debug/_deps/curl-src/lib/socks.h",
			"MU",
			"EWIEGA46WW/moc_socks.cpp",
			null
		],
		[
			"C:/Users/Lenovo/Desktop/weatherForecast/cmake-build-debug/_deps/curl-src/lib/speedcheck.h",
			"MU",
			"EWIEGA46WW/moc_speedcheck.cpp",
			null
		],
		[
			"C:/Users/Lenovo/Desktop/weatherForecast/cmake-build-debug/_deps/curl-src/lib/splay.h",
			"MU",
			"EWIEGA46WW/moc_splay.cpp",
			null
		],
		[
			"C:/Users/Lenovo/Desktop/weatherForecast/cmake-build-debug/_deps/curl-src/lib/strcase.h",
			"MU",
			"EWIEGA46WW/moc_strcase.cpp",
			null
		],
		[
			"C:/Users/Lenovo/Desktop/weatherForecast/cmake-build-debug/_deps/curl-src/lib/strdup.h",
			"MU",
			"EWIEGA46WW/moc_strdup.cpp",
			null
		],
		[
			"C:/Users/Lenovo/Desktop/weatherForecast/cmake-build-debug/_deps/curl-src/lib/strerror.h",
			"MU",
			"EWIEGA46WW/moc_strerror.cpp",
			null
		],
		[
			"C:/Users/Lenovo/Desktop/weatherForecast/cmake-build-debug/_deps/curl-src/lib/strtok.h",
			"MU",
			"EWIEGA46WW/moc_strtok.cpp",
			null
		],
		[
			"C:/Users/Lenovo/Desktop/weatherForecast/cmake-build-debug/_deps/curl-src/lib/strtoofft.h",
			"MU",
			"EWIEGA46WW/moc_strtoofft.cpp",
			null
		],
		[
			"C:/Users/Lenovo/Desktop/weatherForecast/cmake-build-debug/_deps/curl-src/lib/system_win32.h",
			"MU",
			"EWIEGA46WW/moc_system_win32.cpp",
			null
		],
		[
			"C:/Users/Lenovo/Desktop/weatherForecast/cmake-build-debug/_deps/curl-src/lib/telnet.h",
			"MU",
			"EWIEGA46WW/moc_telnet.cpp",
			null
		],
		[
			"C:/Users/Lenovo/Desktop/weatherForecast/cmake-build-debug/_deps/curl-src/lib/tftp.h",
			"MU",
			"EWIEGA46WW/moc_tftp.cpp",
			null
		],
		[
			"C:/Users/Lenovo/Desktop/weatherForecast/cmake-build-debug/_deps/curl-src/lib/timeval.h",
			"MU",
			"EWIEGA46WW/moc_timeval.cpp",
			null
		],
		[
			"C:/Users/Lenovo/Desktop/weatherForecast/cmake-build-debug/_deps/curl-src/lib/transfer.h",
			"MU",
			"EWIEGA46WW/moc_transfer.cpp",
			null
		],
		[
			"C:/Users/Lenovo/Desktop/weatherForecast/cmake-build-debug/_deps/curl-src/lib/url.h",
			"MU",
			"EWIEGA46WW/moc_url.cpp",
			null
		],
		[
			"C:/Users/Lenovo/Desktop/weatherForecast/cmake-build-debug/_deps/curl-src/lib/urlapi-int.h",
			"MU",
			"EWIEGA46WW/moc_urlapi-int.cpp",
			null
		],
		[
			"C:/Users/Lenovo/Desktop/weatherForecast/cmake-build-debug/_deps/curl-src/lib/urldata.h",
			"MU",
			"EWIEGA46WW/moc_urldata.cpp",
			null
		],
		[
			"C:/Users/Lenovo/Desktop/weatherForecast/cmake-build-debug/_deps/curl-src/lib/vauth/digest.h",
			"MU",
			"63IR3Q7B67/moc_digest.cpp",
			null
		],
		[
			"C:/Users/Lenovo/Desktop/weatherForecast/cmake-build-debug/_deps/curl-src/lib/vauth/ntlm.h",
			"MU",
			"63IR3Q7B67/moc_ntlm.cpp",
			null
		],
		[
			"C:/Users/Lenovo/Desktop/weatherForecast/cmake-build-debug/_deps/curl-src/lib/vauth/vauth.h",
			"MU",
			"63IR3Q7B67/moc_vauth.cpp",
			null
		],
		[
			"C:/Users/Lenovo/Desktop/weatherForecast/cmake-build-debug/_deps/curl-src/lib/version_win32.h",
			"MU",
			"EWIEGA46WW/moc_version_win32.cpp",
			null
		],
		[
			"C:/Users/Lenovo/Desktop/weatherForecast/cmake-build-debug/_deps/curl-src/lib/vquic/ngtcp2.h",
			"MU",
			"OHKLD74AUJ/moc_ngtcp2.cpp",
			null
		],
		[
			"C:/Users/Lenovo/Desktop/weatherForecast/cmake-build-debug/_deps/curl-src/lib/vquic/quiche.h",
			"MU",
			"OHKLD74AUJ/moc_quiche.cpp",
			null
		],
		[
			"C:/Users/Lenovo/Desktop/weatherForecast/cmake-build-debug/_deps/curl-src/lib/vquic/vquic.h",
			"MU",
			"OHKLD74AUJ/moc_vquic.cpp",
			null
		],
		[
			"C:/Users/Lenovo/Desktop/weatherForecast/cmake-build-debug/_deps/curl-src/lib/vssh/ssh.h",
			"MU",
			"Q37VRC42IQ/moc_ssh.cpp",
			null
		],
		[
			"C:/Users/Lenovo/Desktop/weatherForecast/cmake-build-debug/_deps/curl-src/lib/vtls/bearssl.h",
			"MU",
			"TWR7BFFS3B/moc_bearssl.cpp",
			null
		],
		[
			"C:/Users/Lenovo/Desktop/weatherForecast/cmake-build-debug/_deps/curl-src/lib/vtls/gskit.h",
			"MU",
			"TWR7BFFS3B/moc_gskit.cpp",
			null
		],
		[
			"C:/Users/Lenovo/Desktop/weatherForecast/cmake-build-debug/_deps/curl-src/lib/vtls/gtls.h",
			"MU",
			"TWR7BFFS3B/moc_gtls.cpp",
			null
		],
		[
			"C:/Users/Lenovo/Desktop/weatherForecast/cmake-build-debug/_deps/curl-src/lib/vtls/keylog.h",
			"MU",
			"TWR7BFFS3B/moc_keylog.cpp",
			null
		],
		[
			"C:/Users/Lenovo/Desktop/weatherForecast/cmake-build-debug/_deps/curl-src/lib/vtls/mbedtls.h",
			"MU",
			"TWR7BFFS3B/moc_mbedtls.cpp",
			null
		],
		[
			"C:/Users/Lenovo/Desktop/weatherForecast/cmake-build-debug/_deps/curl-src/lib/vtls/mbedtls_threadlock.h",
			"MU",
			"TWR7BFFS3B/moc_mbedtls_threadlock.cpp",
			null
		],
		[
			"C:/Users/Lenovo/Desktop/weatherForecast/cmake-build-debug/_deps/curl-src/lib/vtls/mesalink.h",
			"MU",
			"TWR7BFFS3B/moc_mesalink.cpp",
			null
		],
		[
			"C:/Users/Lenovo/Desktop/weatherForecast/cmake-build-debug/_deps/curl-src/lib/vtls/nssg.h",
			"MU",
			"TWR7BFFS3B/moc_nssg.cpp",
			null
		],
		[
			"C:/Users/Lenovo/Desktop/weatherForecast/cmake-build-debug/_deps/curl-src/lib/vtls/openssl.h",
			"MU",
			"TWR7BFFS3B/moc_openssl.cpp",
			null
		],
		[
			"C:/Users/Lenovo/Desktop/weatherForecast/cmake-build-debug/_deps/curl-src/lib/vtls/rustls.h",
			"MU",
			"TWR7BFFS3B/moc_rustls.cpp",
			null
		],
		[
			"C:/Users/Lenovo/Desktop/weatherForecast/cmake-build-debug/_deps/curl-src/lib/vtls/schannel.h",
			"MU",
			"TWR7BFFS3B/moc_schannel.cpp",
			null
		],
		[
			"C:/Users/Lenovo/Desktop/weatherForecast/cmake-build-debug/_deps/curl-src/lib/vtls/sectransp.h",
			"MU",
			"TWR7BFFS3B/moc_sectransp.cpp",
			null
		],
		[
			"C:/Users/Lenovo/Desktop/weatherForecast/cmake-build-debug/_deps/curl-src/lib/vtls/vtls.h",
			"MU",
			"TWR7BFFS3B/moc_vtls.cpp",
			null
		],
		[
			"C:/Users/Lenovo/Desktop/weatherForecast/cmake-build-debug/_deps/curl-src/lib/vtls/wolfssl.h",
			"MU",
			"TWR7BFFS3B/moc_wolfssl.cpp",
			null
		],
		[
			"C:/Users/Lenovo/Desktop/weatherForecast/cmake-build-debug/_deps/curl-src/lib/warnless.h",
			"MU",
			"EWIEGA46WW/moc_warnless.cpp",
			null
		],
		[
			"C:/Users/Lenovo/Desktop/weatherForecast/cmake-build-debug/_deps/curl-src/lib/wildcard.h",
			"MU",
			"EWIEGA46WW/moc_wildcard.cpp",
			null
		],
		[
			"C:/Users/Lenovo/Desktop/weatherForecast/cmake-build-debug/_deps/curl-src/lib/x509asn1.h",
			"MU",
			"EWIEGA46WW/moc_x509asn1.cpp",
			null
		]
	],
	"HEADER_EXTENSIONS" : [ "h", "hh", "h++", "hm", "hpp", "hxx", "in", "txx" ],
	"INCLUDE_DIR" : "C:/Users/Lenovo/Desktop/weatherForecast/cmake-build-debug/_deps/curl-build/lib/libcurl_autogen/include",
	"MOC_COMPILATION_FILE" : "C:/Users/Lenovo/Desktop/weatherForecast/cmake-build-debug/_deps/curl-build/lib/libcurl_autogen/mocs_compilation.cpp",
	"MOC_DEFINITIONS" : 
	[
		"BUILDING_LIBCURL",
		"CPR_ENABLE_CURL_HTTP_ONLY",
		"CPR_ENABLE_SSL",
		"CURL_HIDDEN_SYMBOLS",
		"HAVE_CONFIG_H",
		"_USRDLL",
		"_WIN32_WINNT=0x0600",
		"libcurl_EXPORTS"
	],
	"MOC_DEPEND_FILTERS" : 
	[
		[
			"Q_PLUGIN_METADATA",
			"[\n][ \t]*Q_PLUGIN_METADATA[ \t]*\\([^\\)]*FILE[ \t]*\"([^\"]+)\""
		]
	],
	"MOC_INCLUDES" : 
	[
		"F:/CPlusDependences/LibCurl/V8/include",
		"C:/Users/Lenovo/Desktop/weatherForecast/weather_core",
		"C:/Users/Lenovo/Desktop/weatherForecast/gui",
		"C:/Users/Lenovo/Desktop/weatherForecast/utils",
		"C:/Users/Lenovo/Desktop/weatherForecast/cli",
		"C:/Users/Lenovo/Desktop/weatherForecast/cli/i18n",
		"C:/Users/Lenovo/Desktop/weatherForecast/cmake-build-debug/_deps/curl-src/include",
		"C:/Users/Lenovo/Desktop/weatherForecast/cmake-build-debug/_deps/curl-build/include",
		"C:/Users/Lenovo/Desktop/weatherForecast/cmake-build-debug/_deps/curl-src",
		"C:/Users/Lenovo/Desktop/weatherForecast/cmake-build-debug/_deps/curl-src/include",
		"C:/Users/Lenovo/Desktop/weatherForecast/cmake-build-debug/_deps/curl-build",
		"C:/Users/Lenovo/Desktop/weatherForecast/cmake-build-debug/_deps/curl-src/lib",
		"C:/Users/Lenovo/Desktop/weatherForecast/cmake-build-debug/_deps/curl-build/lib",
		"C:/Program Files/JetBrains/CLion 2025.1.1/bin/mingw/lib/gcc/x86_64-w64-mingw32/13.1.0/include/c++",
		"C:/Program Files/JetBrains/CLion 2025.1.1/bin/mingw/lib/gcc/x86_64-w64-mingw32/13.1.0/include/c++/x86_64-w64-mingw32",
		"C:/Program Files/JetBrains/CLion 2025.1.1/bin/mingw/lib/gcc/x86_64-w64-mingw32/13.1.0/include/c++/backward",
		"C:/Program Files/JetBrains/CLion 2025.1.1/bin/mingw/lib/gcc/x86_64-w64-mingw32/13.1.0/include",
		"C:/Program Files/JetBrains/CLion 2025.1.1/bin/mingw/include",
		"C:/Program Files/JetBrains/CLion 2025.1.1/bin/mingw/lib/gcc/x86_64-w64-mingw32/13.1.0/include-fixed",
		"C:/Program Files/JetBrains/CLion 2025.1.1/bin/mingw/x86_64-w64-mingw32/include"
	],
	"MOC_MACRO_NAMES" : 
	[
		"Q_OBJECT",
		"Q_GADGET",
		"Q_NAMESPACE",
		"Q_NAMESPACE_EXPORT",
		"Q_GADGET_EXPORT",
		"Q_ENUM_NS"
	],
	"MOC_OPTIONS" : [],
	"MOC_PATH_PREFIX" : false,
	"MOC_PREDEFS_CMD" : 
	[
		"C:/Program Files/JetBrains/CLion 2025.1.1/bin/mingw/bin/g++.exe",
		"-std=gnu++17",
		"-dM",
		"-E",
		"-c",
		"C:/Program Files/JetBrains/CLion 2025.1.1/bin/cmake/win/x64/share/cmake-3.31/Modules/CMakeCXXCompilerABI.cpp"
	],
	"MOC_PREDEFS_FILE" : "C:/Users/Lenovo/Desktop/weatherForecast/cmake-build-debug/_deps/curl-build/lib/libcurl_autogen/moc_predefs.h",
	"MOC_RELAXED_MODE" : false,
	"MOC_SKIP" : [],
	"MULTI_CONFIG" : false,
	"PARALLEL" : 20,
	"PARSE_CACHE_FILE" : "C:/Users/Lenovo/Desktop/weatherForecast/cmake-build-debug/_deps/curl-build/lib/CMakeFiles/libcurl_autogen.dir/ParseCache.txt",
	"QT_MOC_EXECUTABLE" : "E:/qt/6.9.0/mingw_64/bin/moc.exe",
	"QT_UIC_EXECUTABLE" : "E:/qt/6.9.0/mingw_64/bin/uic.exe",
	"QT_VERSION_MAJOR" : 6,
	"QT_VERSION_MINOR" : 9,
	"SETTINGS_FILE" : "C:/Users/Lenovo/Desktop/weatherForecast/cmake-build-debug/_deps/curl-build/lib/CMakeFiles/libcurl_autogen.dir/AutogenUsed.txt",
	"SOURCES" : 
	[
		[
			"C:/Users/Lenovo/Desktop/weatherForecast/cmake-build-debug/_deps/curl-src/lib/altsvc.c",
			"MU",
			null
		],
		[
			"C:/Users/Lenovo/Desktop/weatherForecast/cmake-build-debug/_deps/curl-src/lib/amigaos.c",
			"MU",
			null
		],
		[
			"C:/Users/Lenovo/Desktop/weatherForecast/cmake-build-debug/_deps/curl-src/lib/asyn-ares.c",
			"MU",
			null
		],
		[
			"C:/Users/Lenovo/Desktop/weatherForecast/cmake-build-debug/_deps/curl-src/lib/asyn-thread.c",
			"MU",
			null
		],
		[
			"C:/Users/Lenovo/Desktop/weatherForecast/cmake-build-debug/_deps/curl-src/lib/base64.c",
			"MU",
			null
		],
		[
			"C:/Users/Lenovo/Desktop/weatherForecast/cmake-build-debug/_deps/curl-src/lib/bufref.c",
			"MU",
			null
		],
		[
			"C:/Users/Lenovo/Desktop/weatherForecast/cmake-build-debug/_deps/curl-src/lib/c-hyper.c",
			"MU",
			null
		],
		[
			"C:/Users/Lenovo/Desktop/weatherForecast/cmake-build-debug/_deps/curl-src/lib/conncache.c",
			"MU",
			null
		],
		[
			"C:/Users/Lenovo/Desktop/weatherForecast/cmake-build-debug/_deps/curl-src/lib/connect.c",
			"MU",
			null
		],
		[
			"C:/Users/Lenovo/Desktop/weatherForecast/cmake-build-debug/_deps/curl-src/lib/content_encoding.c",
			"MU",
			null
		],
		[
			"C:/Users/Lenovo/Desktop/weatherForecast/cmake-build-debug/_deps/curl-src/lib/cookie.c",
			"MU",
			null
		],
		[
			"C:/Users/Lenovo/Desktop/weatherForecast/cmake-build-debug/_deps/curl-src/lib/curl_addrinfo.c",
			"MU",
			null
		],
		[
			"C:/Users/Lenovo/Desktop/weatherForecast/cmake-build-debug/_deps/curl-src/lib/curl_ctype.c",
			"MU",
			null
		],
		[
			"C:/Users/Lenovo/Desktop/weatherForecast/cmake-build-debug/_deps/curl-src/lib/curl_des.c",
			"MU",
			null
		],
		[
			"C:/Users/Lenovo/Desktop/weatherForecast/cmake-build-debug/_deps/curl-src/lib/curl_endian.c",
			"MU",
			null
		],
		[
			"C:/Users/Lenovo/Desktop/weatherForecast/cmake-build-debug/_deps/curl-src/lib/curl_fnmatch.c",
			"MU",
			null
		],
		[
			"C:/Users/Lenovo/Desktop/weatherForecast/cmake-build-debug/_deps/curl-src/lib/curl_get_line.c",
			"MU",
			null
		],
		[
			"C:/Users/Lenovo/Desktop/weatherForecast/cmake-build-debug/_deps/curl-src/lib/curl_gethostname.c",
			"MU",
			null
		],
		[
			"C:/Users/Lenovo/Desktop/weatherForecast/cmake-build-debug/_deps/curl-src/lib/curl_gssapi.c",
			"MU",
			null
		],
		[
			"C:/Users/Lenovo/Desktop/weatherForecast/cmake-build-debug/_deps/curl-src/lib/curl_memrchr.c",
			"MU",
			null
		],
		[
			"C:/Users/Lenovo/Desktop/weatherForecast/cmake-build-debug/_deps/curl-src/lib/curl_multibyte.c",
			"MU",
			null
		],
		[
			"C:/Users/Lenovo/Desktop/weatherForecast/cmake-build-debug/_deps/curl-src/lib/curl_ntlm_core.c",
			"MU",
			null
		],
		[
			"C:/Users/Lenovo/Desktop/weatherForecast/cmake-build-debug/_deps/curl-src/lib/curl_ntlm_wb.c",
			"MU",
			null
		],
		[
			"C:/Users/Lenovo/Desktop/weatherForecast/cmake-build-debug/_deps/curl-src/lib/curl_path.c",
			"MU",
			null
		],
		[
			"C:/Users/Lenovo/Desktop/weatherForecast/cmake-build-debug/_deps/curl-src/lib/curl_range.c",
			"MU",
			null
		],
		[
			"C:/Users/Lenovo/Desktop/weatherForecast/cmake-build-debug/_deps/curl-src/lib/curl_rtmp.c",
			"MU",
			null
		],
		[
			"C:/Users/Lenovo/Desktop/weatherForecast/cmake-build-debug/_deps/curl-src/lib/curl_sasl.c",
			"MU",
			null
		],
		[
			"C:/Users/Lenovo/Desktop/weatherForecast/cmake-build-debug/_deps/curl-src/lib/curl_sspi.c",
			"MU",
			null
		],
		[
			"C:/Users/Lenovo/Desktop/weatherForecast/cmake-build-debug/_deps/curl-src/lib/curl_threads.c",
			"MU",
			null
		],
		[
			"C:/Users/Lenovo/Desktop/weatherForecast/cmake-build-debug/_deps/curl-src/lib/dict.c",
			"MU",
			null
		],
		[
			"C:/Users/Lenovo/Desktop/weatherForecast/cmake-build-debug/_deps/curl-src/lib/doh.c",
			"MU",
			null
		],
		[
			"C:/Users/Lenovo/Desktop/weatherForecast/cmake-build-debug/_deps/curl-src/lib/dotdot.c",
			"MU",
			null
		],
		[
			"C:/Users/Lenovo/Desktop/weatherForecast/cmake-build-debug/_deps/curl-src/lib/dynbuf.c",
			"MU",
			null
		],
		[
			"C:/Users/Lenovo/Desktop/weatherForecast/cmake-build-debug/_deps/curl-src/lib/easy.c",
			"MU",
			null
		],
		[
			"C:/Users/Lenovo/Desktop/weatherForecast/cmake-build-debug/_deps/curl-src/lib/easygetopt.c",
			"MU",
			null
		],
		[
			"C:/Users/Lenovo/Desktop/weatherForecast/cmake-build-debug/_deps/curl-src/lib/easyoptions.c",
			"MU",
			null
		],
		[
			"C:/Users/Lenovo/Desktop/weatherForecast/cmake-build-debug/_deps/curl-src/lib/escape.c",
			"MU",
			null
		],
		[
			"C:/Users/Lenovo/Desktop/weatherForecast/cmake-build-debug/_deps/curl-src/lib/file.c",
			"MU",
			null
		],
		[
			"C:/Users/Lenovo/Desktop/weatherForecast/cmake-build-debug/_deps/curl-src/lib/fileinfo.c",
			"MU",
			null
		],
		[
			"C:/Users/Lenovo/Desktop/weatherForecast/cmake-build-debug/_deps/curl-src/lib/formdata.c",
			"MU",
			null
		],
		[
			"C:/Users/Lenovo/Desktop/weatherForecast/cmake-build-debug/_deps/curl-src/lib/ftp.c",
			"MU",
			null
		],
		[
			"C:/Users/Lenovo/Desktop/weatherForecast/cmake-build-debug/_deps/curl-src/lib/ftplistparser.c",
			"MU",
			null
		],
		[
			"C:/Users/Lenovo/Desktop/weatherForecast/cmake-build-debug/_deps/curl-src/lib/getenv.c",
			"MU",
			null
		],
		[
			"C:/Users/Lenovo/Desktop/weatherForecast/cmake-build-debug/_deps/curl-src/lib/getinfo.c",
			"MU",
			null
		],
		[
			"C:/Users/Lenovo/Desktop/weatherForecast/cmake-build-debug/_deps/curl-src/lib/gopher.c",
			"MU",
			null
		],
		[
			"C:/Users/Lenovo/Desktop/weatherForecast/cmake-build-debug/_deps/curl-src/lib/hash.c",
			"MU",
			null
		],
		[
			"C:/Users/Lenovo/Desktop/weatherForecast/cmake-build-debug/_deps/curl-src/lib/hmac.c",
			"MU",
			null
		],
		[
			"C:/Users/Lenovo/Desktop/weatherForecast/cmake-build-debug/_deps/curl-src/lib/hostasyn.c",
			"MU",
			null
		],
		[
			"C:/Users/Lenovo/Desktop/weatherForecast/cmake-build-debug/_deps/curl-src/lib/hostcheck.c",
			"MU",
			null
		],
		[
			"C:/Users/Lenovo/Desktop/weatherForecast/cmake-build-debug/_deps/curl-src/lib/hostip.c",
			"MU",
			null
		],
		[
			"C:/Users/Lenovo/Desktop/weatherForecast/cmake-build-debug/_deps/curl-src/lib/hostip4.c",
			"MU",
			null
		],
		[
			"C:/Users/Lenovo/Desktop/weatherForecast/cmake-build-debug/_deps/curl-src/lib/hostip6.c",
			"MU",
			null
		],
		[
			"C:/Users/Lenovo/Desktop/weatherForecast/cmake-build-debug/_deps/curl-src/lib/hostsyn.c",
			"MU",
			null
		],
		[
			"C:/Users/Lenovo/Desktop/weatherForecast/cmake-build-debug/_deps/curl-src/lib/hsts.c",
			"MU",
			null
		],
		[
			"C:/Users/Lenovo/Desktop/weatherForecast/cmake-build-debug/_deps/curl-src/lib/http.c",
			"MU",
			null
		],
		[
			"C:/Users/Lenovo/Desktop/weatherForecast/cmake-build-debug/_deps/curl-src/lib/http2.c",
			"MU",
			null
		],
		[
			"C:/Users/Lenovo/Desktop/weatherForecast/cmake-build-debug/_deps/curl-src/lib/http_aws_sigv4.c",
			"MU",
			null
		],
		[
			"C:/Users/Lenovo/Desktop/weatherForecast/cmake-build-debug/_deps/curl-src/lib/http_chunks.c",
			"MU",
			null
		],
		[
			"C:/Users/Lenovo/Desktop/weatherForecast/cmake-build-debug/_deps/curl-src/lib/http_digest.c",
			"MU",
			null
		],
		[
			"C:/Users/Lenovo/Desktop/weatherForecast/cmake-build-debug/_deps/curl-src/lib/http_negotiate.c",
			"MU",
			null
		],
		[
			"C:/Users/Lenovo/Desktop/weatherForecast/cmake-build-debug/_deps/curl-src/lib/http_ntlm.c",
			"MU",
			null
		],
		[
			"C:/Users/Lenovo/Desktop/weatherForecast/cmake-build-debug/_deps/curl-src/lib/http_proxy.c",
			"MU",
			null
		],
		[
			"C:/Users/Lenovo/Desktop/weatherForecast/cmake-build-debug/_deps/curl-src/lib/idn_win32.c",
			"MU",
			null
		],
		[
			"C:/Users/Lenovo/Desktop/weatherForecast/cmake-build-debug/_deps/curl-src/lib/if2ip.c",
			"MU",
			null
		],
		[
			"C:/Users/Lenovo/Desktop/weatherForecast/cmake-build-debug/_deps/curl-src/lib/imap.c",
			"MU",
			null
		],
		[
			"C:/Users/Lenovo/Desktop/weatherForecast/cmake-build-debug/_deps/curl-src/lib/inet_ntop.c",
			"MU",
			null
		],
		[
			"C:/Users/Lenovo/Desktop/weatherForecast/cmake-build-debug/_deps/curl-src/lib/inet_pton.c",
			"MU",
			null
		],
		[
			"C:/Users/Lenovo/Desktop/weatherForecast/cmake-build-debug/_deps/curl-src/lib/krb5.c",
			"MU",
			null
		],
		[
			"C:/Users/Lenovo/Desktop/weatherForecast/cmake-build-debug/_deps/curl-src/lib/ldap.c",
			"MU",
			null
		],
		[
			"C:/Users/Lenovo/Desktop/weatherForecast/cmake-build-debug/_deps/curl-src/lib/llist.c",
			"MU",
			null
		],
		[
			"C:/Users/Lenovo/Desktop/weatherForecast/cmake-build-debug/_deps/curl-src/lib/md4.c",
			"MU",
			null
		],
		[
			"C:/Users/Lenovo/Desktop/weatherForecast/cmake-build-debug/_deps/curl-src/lib/md5.c",
			"MU",
			null
		],
		[
			"C:/Users/Lenovo/Desktop/weatherForecast/cmake-build-debug/_deps/curl-src/lib/memdebug.c",
			"MU",
			null
		],
		[
			"C:/Users/Lenovo/Desktop/weatherForecast/cmake-build-debug/_deps/curl-src/lib/mime.c",
			"MU",
			null
		],
		[
			"C:/Users/Lenovo/Desktop/weatherForecast/cmake-build-debug/_deps/curl-src/lib/mprintf.c",
			"MU",
			null
		],
		[
			"C:/Users/Lenovo/Desktop/weatherForecast/cmake-build-debug/_deps/curl-src/lib/mqtt.c",
			"MU",
			null
		],
		[
			"C:/Users/Lenovo/Desktop/weatherForecast/cmake-build-debug/_deps/curl-src/lib/multi.c",
			"MU",
			null
		],
		[
			"C:/Users/Lenovo/Desktop/weatherForecast/cmake-build-debug/_deps/curl-src/lib/netrc.c",
			"MU",
			null
		],
		[
			"C:/Users/Lenovo/Desktop/weatherForecast/cmake-build-debug/_deps/curl-src/lib/non-ascii.c",
			"MU",
			null
		],
		[
			"C:/Users/Lenovo/Desktop/weatherForecast/cmake-build-debug/_deps/curl-src/lib/nonblock.c",
			"MU",
			null
		],
		[
			"C:/Users/Lenovo/Desktop/weatherForecast/cmake-build-debug/_deps/curl-src/lib/openldap.c",
			"MU",
			null
		],
		[
			"C:/Users/Lenovo/Desktop/weatherForecast/cmake-build-debug/_deps/curl-src/lib/parsedate.c",
			"MU",
			null
		],
		[
			"C:/Users/Lenovo/Desktop/weatherForecast/cmake-build-debug/_deps/curl-src/lib/pingpong.c",
			"MU",
			null
		],
		[
			"C:/Users/Lenovo/Desktop/weatherForecast/cmake-build-debug/_deps/curl-src/lib/pop3.c",
			"MU",
			null
		],
		[
			"C:/Users/Lenovo/Desktop/weatherForecast/cmake-build-debug/_deps/curl-src/lib/progress.c",
			"MU",
			null
		],
		[
			"C:/Users/Lenovo/Desktop/weatherForecast/cmake-build-debug/_deps/curl-src/lib/psl.c",
			"MU",
			null
		],
		[
			"C:/Users/Lenovo/Desktop/weatherForecast/cmake-build-debug/_deps/curl-src/lib/rand.c",
			"MU",
			null
		],
		[
			"C:/Users/Lenovo/Desktop/weatherForecast/cmake-build-debug/_deps/curl-src/lib/rename.c",
			"MU",
			null
		],
		[
			"C:/Users/Lenovo/Desktop/weatherForecast/cmake-build-debug/_deps/curl-src/lib/rtsp.c",
			"MU",
			null
		],
		[
			"C:/Users/Lenovo/Desktop/weatherForecast/cmake-build-debug/_deps/curl-src/lib/select.c",
			"MU",
			null
		],
		[
			"C:/Users/Lenovo/Desktop/weatherForecast/cmake-build-debug/_deps/curl-src/lib/sendf.c",
			"MU",
			null
		],
		[
			"C:/Users/Lenovo/Desktop/weatherForecast/cmake-build-debug/_deps/curl-src/lib/setopt.c",
			"MU",
			null
		],
		[
			"C:/Users/Lenovo/Desktop/weatherForecast/cmake-build-debug/_deps/curl-src/lib/sha256.c",
			"MU",
			null
		],
		[
			"C:/Users/Lenovo/Desktop/weatherForecast/cmake-build-debug/_deps/curl-src/lib/share.c",
			"MU",
			null
		],
		[
			"C:/Users/Lenovo/Desktop/weatherForecast/cmake-build-debug/_deps/curl-src/lib/slist.c",
			"MU",
			null
		],
		[
			"C:/Users/Lenovo/Desktop/weatherForecast/cmake-build-debug/_deps/curl-src/lib/smb.c",
			"MU",
			null
		],
		[
			"C:/Users/Lenovo/Desktop/weatherForecast/cmake-build-debug/_deps/curl-src/lib/smtp.c",
			"MU",
			null
		],
		[
			"C:/Users/Lenovo/Desktop/weatherForecast/cmake-build-debug/_deps/curl-src/lib/socketpair.c",
			"MU",
			null
		],
		[
			"C:/Users/Lenovo/Desktop/weatherForecast/cmake-build-debug/_deps/curl-src/lib/socks.c",
			"MU",
			null
		],
		[
			"C:/Users/Lenovo/Desktop/weatherForecast/cmake-build-debug/_deps/curl-src/lib/socks_gssapi.c",
			"MU",
			null
		],
		[
			"C:/Users/Lenovo/Desktop/weatherForecast/cmake-build-debug/_deps/curl-src/lib/socks_sspi.c",
			"MU",
			null
		],
		[
			"C:/Users/Lenovo/Desktop/weatherForecast/cmake-build-debug/_deps/curl-src/lib/speedcheck.c",
			"MU",
			null
		],
		[
			"C:/Users/Lenovo/Desktop/weatherForecast/cmake-build-debug/_deps/curl-src/lib/splay.c",
			"MU",
			null
		],
		[
			"C:/Users/Lenovo/Desktop/weatherForecast/cmake-build-debug/_deps/curl-src/lib/strcase.c",
			"MU",
			null
		],
		[
			"C:/Users/Lenovo/Desktop/weatherForecast/cmake-build-debug/_deps/curl-src/lib/strdup.c",
			"MU",
			null
		],
		[
			"C:/Users/Lenovo/Desktop/weatherForecast/cmake-build-debug/_deps/curl-src/lib/strerror.c",
			"MU",
			null
		],
		[
			"C:/Users/Lenovo/Desktop/weatherForecast/cmake-build-debug/_deps/curl-src/lib/strtok.c",
			"MU",
			null
		],
		[
			"C:/Users/Lenovo/Desktop/weatherForecast/cmake-build-debug/_deps/curl-src/lib/strtoofft.c",
			"MU",
			null
		],
		[
			"C:/Users/Lenovo/Desktop/weatherForecast/cmake-build-debug/_deps/curl-src/lib/system_win32.c",
			"MU",
			null
		],
		[
			"C:/Users/Lenovo/Desktop/weatherForecast/cmake-build-debug/_deps/curl-src/lib/telnet.c",
			"MU",
			null
		],
		[
			"C:/Users/Lenovo/Desktop/weatherForecast/cmake-build-debug/_deps/curl-src/lib/tftp.c",
			"MU",
			null
		],
		[
			"C:/Users/Lenovo/Desktop/weatherForecast/cmake-build-debug/_deps/curl-src/lib/timeval.c",
			"MU",
			null
		],
		[
			"C:/Users/Lenovo/Desktop/weatherForecast/cmake-build-debug/_deps/curl-src/lib/transfer.c",
			"MU",
			null
		],
		[
			"C:/Users/Lenovo/Desktop/weatherForecast/cmake-build-debug/_deps/curl-src/lib/url.c",
			"MU",
			null
		],
		[
			"C:/Users/Lenovo/Desktop/weatherForecast/cmake-build-debug/_deps/curl-src/lib/urlapi.c",
			"MU",
			null
		],
		[
			"C:/Users/Lenovo/Desktop/weatherForecast/cmake-build-debug/_deps/curl-src/lib/vauth/cleartext.c",
			"MU",
			null
		],
		[
			"C:/Users/Lenovo/Desktop/weatherForecast/cmake-build-debug/_deps/curl-src/lib/vauth/cram.c",
			"MU",
			null
		],
		[
			"C:/Users/Lenovo/Desktop/weatherForecast/cmake-build-debug/_deps/curl-src/lib/vauth/digest.c",
			"MU",
			null
		],
		[
			"C:/Users/Lenovo/Desktop/weatherForecast/cmake-build-debug/_deps/curl-src/lib/vauth/digest_sspi.c",
			"MU",
			null
		],
		[
			"C:/Users/Lenovo/Desktop/weatherForecast/cmake-build-debug/_deps/curl-src/lib/vauth/gsasl.c",
			"MU",
			null
		],
		[
			"C:/Users/Lenovo/Desktop/weatherForecast/cmake-build-debug/_deps/curl-src/lib/vauth/krb5_gssapi.c",
			"MU",
			null
		],
		[
			"C:/Users/Lenovo/Desktop/weatherForecast/cmake-build-debug/_deps/curl-src/lib/vauth/krb5_sspi.c",
			"MU",
			null
		],
		[
			"C:/Users/Lenovo/Desktop/weatherForecast/cmake-build-debug/_deps/curl-src/lib/vauth/ntlm.c",
			"MU",
			null
		],
		[
			"C:/Users/Lenovo/Desktop/weatherForecast/cmake-build-debug/_deps/curl-src/lib/vauth/ntlm_sspi.c",
			"MU",
			null
		],
		[
			"C:/Users/Lenovo/Desktop/weatherForecast/cmake-build-debug/_deps/curl-src/lib/vauth/oauth2.c",
			"MU",
			null
		],
		[
			"C:/Users/Lenovo/Desktop/weatherForecast/cmake-build-debug/_deps/curl-src/lib/vauth/spnego_gssapi.c",
			"MU",
			null
		],
		[
			"C:/Users/Lenovo/Desktop/weatherForecast/cmake-build-debug/_deps/curl-src/lib/vauth/spnego_sspi.c",
			"MU",
			null
		],
		[
			"C:/Users/Lenovo/Desktop/weatherForecast/cmake-build-debug/_deps/curl-src/lib/vauth/vauth.c",
			"MU",
			null
		],
		[
			"C:/Users/Lenovo/Desktop/weatherForecast/cmake-build-debug/_deps/curl-src/lib/version.c",
			"MU",
			null
		],
		[
			"C:/Users/Lenovo/Desktop/weatherForecast/cmake-build-debug/_deps/curl-src/lib/version_win32.c",
			"MU",
			null
		],
		[
			"C:/Users/Lenovo/Desktop/weatherForecast/cmake-build-debug/_deps/curl-src/lib/vquic/ngtcp2.c",
			"MU",
			null
		],
		[
			"C:/Users/Lenovo/Desktop/weatherForecast/cmake-build-debug/_deps/curl-src/lib/vquic/quiche.c",
			"MU",
			null
		],
		[
			"C:/Users/Lenovo/Desktop/weatherForecast/cmake-build-debug/_deps/curl-src/lib/vquic/vquic.c",
			"MU",
			null
		],
		[
			"C:/Users/Lenovo/Desktop/weatherForecast/cmake-build-debug/_deps/curl-src/lib/vssh/libssh.c",
			"MU",
			null
		],
		[
			"C:/Users/Lenovo/Desktop/weatherForecast/cmake-build-debug/_deps/curl-src/lib/vssh/libssh2.c",
			"MU",
			null
		],
		[
			"C:/Users/Lenovo/Desktop/weatherForecast/cmake-build-debug/_deps/curl-src/lib/vssh/wolfssh.c",
			"MU",
			null
		],
		[
			"C:/Users/Lenovo/Desktop/weatherForecast/cmake-build-debug/_deps/curl-src/lib/vtls/bearssl.c",
			"MU",
			null
		],
		[
			"C:/Users/Lenovo/Desktop/weatherForecast/cmake-build-debug/_deps/curl-src/lib/vtls/gskit.c",
			"MU",
			null
		],
		[
			"C:/Users/Lenovo/Desktop/weatherForecast/cmake-build-debug/_deps/curl-src/lib/vtls/gtls.c",
			"MU",
			null
		],
		[
			"C:/Users/Lenovo/Desktop/weatherForecast/cmake-build-debug/_deps/curl-src/lib/vtls/keylog.c",
			"MU",
			null
		],
		[
			"C:/Users/Lenovo/Desktop/weatherForecast/cmake-build-debug/_deps/curl-src/lib/vtls/mbedtls.c",
			"MU",
			null
		],
		[
			"C:/Users/Lenovo/Desktop/weatherForecast/cmake-build-debug/_deps/curl-src/lib/vtls/mbedtls_threadlock.c",
			"MU",
			null
		],
		[
			"C:/Users/Lenovo/Desktop/weatherForecast/cmake-build-debug/_deps/curl-src/lib/vtls/mesalink.c",
			"MU",
			null
		],
		[
			"C:/Users/Lenovo/Desktop/weatherForecast/cmake-build-debug/_deps/curl-src/lib/vtls/nss.c",
			"MU",
			null
		],
		[
			"C:/Users/Lenovo/Desktop/weatherForecast/cmake-build-debug/_deps/curl-src/lib/vtls/openssl.c",
			"MU",
			null
		],
		[
			"C:/Users/Lenovo/Desktop/weatherForecast/cmake-build-debug/_deps/curl-src/lib/vtls/rustls.c",
			"MU",
			null
		],
		[
			"C:/Users/Lenovo/Desktop/weatherForecast/cmake-build-debug/_deps/curl-src/lib/vtls/schannel.c",
			"MU",
			null
		],
		[
			"C:/Users/Lenovo/Desktop/weatherForecast/cmake-build-debug/_deps/curl-src/lib/vtls/schannel_verify.c",
			"MU",
			null
		],
		[
			"C:/Users/Lenovo/Desktop/weatherForecast/cmake-build-debug/_deps/curl-src/lib/vtls/sectransp.c",
			"MU",
			null
		],
		[
			"C:/Users/Lenovo/Desktop/weatherForecast/cmake-build-debug/_deps/curl-src/lib/vtls/vtls.c",
			"MU",
			null
		],
		[
			"C:/Users/Lenovo/Desktop/weatherForecast/cmake-build-debug/_deps/curl-src/lib/vtls/wolfssl.c",
			"MU",
			null
		],
		[
			"C:/Users/Lenovo/Desktop/weatherForecast/cmake-build-debug/_deps/curl-src/lib/warnless.c",
			"MU",
			null
		],
		[
			"C:/Users/Lenovo/Desktop/weatherForecast/cmake-build-debug/_deps/curl-src/lib/wildcard.c",
			"MU",
			null
		],
		[
			"C:/Users/Lenovo/Desktop/weatherForecast/cmake-build-debug/_deps/curl-src/lib/x509asn1.c",
			"MU",
			null
		]
	],
	"UIC_OPTIONS" : [],
	"UIC_SEARCH_PATHS" : [],
	"UIC_SKIP" : [],
	"UIC_UI_FILES" : [],
	"USE_BETTER_GRAPH" : true,
	"VERBOSITY" : 0
}
