{
    "forecast": {
        "data": [
            {
                "date": "2025-06-05",
                "humidity": "82",
                "precip": "0.0",
                "tempMax": "29",
                "tempMin": "21",
                "textDay": "多云",
                "textNight": "晴",
                "windDirDay": "东风",
                "windScaleDay": "1-3"
            },
            {
                "date": "2025-06-06",
                "humidity": "89",
                "precip": "0.0",
                "tempMax": "32",
                "tempMin": "24",
                "textDay": "多云",
                "textNight": "多云",
                "windDirDay": "东风",
                "windScaleDay": "1-3"
            },
            {
                "date": "2025-06-07",
                "humidity": "91",
                "precip": "2.7",
                "tempMax": "32",
                "tempMin": "25",
                "textDay": "小雨",
                "textNight": "多云",
                "windDirDay": "东风",
                "windScaleDay": "1-3"
            },
            {
                "date": "2025-06-08",
                "humidity": "97",
                "precip": "7.5",
                "tempMax": "34",
                "tempMin": "25",
                "textDay": "小雨",
                "textNight": "多云",
                "windDirDay": "西南风",
                "windScaleDay": "1-3"
            },
            {
                "date": "2025-06-09",
                "humidity": "98",
                "precip": "8.7",
                "tempMax": "34",
                "tempMin": "24",
                "textDay": "中雨",
                "textNight": "小雨",
                "windDirDay": "东风",
                "windScaleDay": "1-3"
            },
            {
                "date": "2025-06-10",
                "humidity": "93",
                "precip": "29.8",
                "tempMax": "31",
                "tempMin": "24",
                "textDay": "小雨",
                "textNight": "小雨",
                "windDirDay": "东风",
                "windScaleDay": "1-3"
            },
            {
                "date": "2025-06-11",
                "humidity": "84",
                "precip": "13.1",
                "tempMax": "31",
                "tempMin": "24",
                "textDay": "小雨",
                "textNight": "小雨",
                "windDirDay": "东风",
                "windScaleDay": "1-3"
            }
        ],
        "timestamp": 1749131474
    }
}